GISJOIN,YEAR,STATE,STATEA,COUNTY,COUNTYA,PRETRACTA,TRACTA,POSTTRCTA,AREANAME,BHI001
GIS Join match code,Datafile year,State Name,State Code,County Name,County Code,Census Tract Prefix Code,Census Tract Code,Census Tract Suffix Code,Area name,Total
G17003100001,1930,Illinois,17,Cook,031,"",0001,"",Tract    0001     in Chicago IL,4511
G17003100002,1930,Illinois,17,Cook,031,"",0002,"",Tract    0002     in Chicago IL,1555
G17003100003,1930,Illinois,17,Cook,031,"",0003,"",Tract    0003     in Chicago IL,7064
G17003100004,1930,Illinois,17,Cook,031,"",0004,"",Tract    0004     in Chicago IL,8497
G17003100005,1930,Illinois,17,Cook,031,"",0005,"",Tract    0005     in Chicago IL,14853
G17003100006,1930,Illinois,17,Cook,031,"",0006,"",Tract    0006     in Chicago IL,7588
G17003100007,1930,Illinois,17,Cook,031,"",0007,"",Tract    0007     in Chicago IL,5813
G17003100008,1930,Illinois,17,Cook,031,"",0008,"",Tract    0008     in Chicago IL,7213
G17003100009,1930,Illinois,17,Cook,031,"",0009,"",Tract    0009     in Chicago IL,11383
G17003100010,1930,Illinois,17,Cook,031,"",0010,"",Tract    0010     in Chicago IL,3198
G17003100011,1930,Illinois,17,Cook,031,"",0011,"",Tract    0011     in Chicago IL,5173
G17003100012,1930,Illinois,17,Cook,031,"",0012,"",Tract    0012     in Chicago IL,6924
G17003100013,1930,Illinois,17,Cook,031,"",0013,"",Tract    0013     in Chicago IL,3281
G17003100014,1930,Illinois,17,Cook,031,"",0014,"",Tract    0014     in Chicago IL,3761
G17003100015,1930,Illinois,17,Cook,031,"",0015,"",Tract    0015     in Chicago IL,2917
G17003100016,1930,Illinois,17,Cook,031,"",0016,"",Tract    0016     in Chicago IL,1077
G17003100017,1930,Illinois,17,Cook,031,"",0017,"",Tract    0017     in Chicago IL,2045
G17003100018,1930,Illinois,17,Cook,031,"",0018,"",Tract    0018     in Chicago IL,3584
G17003100019,1930,Illinois,17,Cook,031,"",0019,"",Tract    0019     in Chicago IL,2048
G17003100020,1930,Illinois,17,Cook,031,"",0020,"",Tract    0020     in Chicago IL,9134
G17003100021,1930,Illinois,17,Cook,031,"",0021,"",Tract    0021     in Chicago IL,2725
G17003100022,1930,Illinois,17,Cook,031,"",0022,"",Tract    0022     in Chicago IL,10295
G17003100023,1930,Illinois,17,Cook,031,"",0023,"",Tract    0023     in Chicago IL,4521
G17003100024,1930,Illinois,17,Cook,031,"",0024,"",Tract    0024     in Chicago IL,9009
G17003100025,1930,Illinois,17,Cook,031,"",0025,"",Tract    0025     in Chicago IL,0
G17003100026,1930,Illinois,17,Cook,031,"",0026,"",Tract    0026     in Chicago IL,6317
G17003100027,1930,Illinois,17,Cook,031,"",0027,"",Tract    0027     in Chicago IL,6335
G17003100028,1930,Illinois,17,Cook,031,"",0028,"",Tract    0028     in Chicago IL,5691
G17003100029,1930,Illinois,17,Cook,031,"",0029,"",Tract    0029     in Chicago IL,2311
G17003100030,1930,Illinois,17,Cook,031,"",0030,"",Tract    0030     in Chicago IL,5729
G17003100031,1930,Illinois,17,Cook,031,"",0031,"",Tract    0031     in Chicago IL,4566
G17003100032,1930,Illinois,17,Cook,031,"",0032,"",Tract    0032     in Chicago IL,3304
G17003100033,1930,Illinois,17,Cook,031,"",0033,"",Tract    0033     in Chicago IL,2948
G17003100034,1930,Illinois,17,Cook,031,"",0034,"",Tract    0034     in Chicago IL,7453
G17003100035,1930,Illinois,17,Cook,031,"",0035,"",Tract    0035     in Chicago IL,8467
G17003100036,1930,Illinois,17,Cook,031,"",0036,"",Tract    0036     in Chicago IL,8827
G17003100037,1930,Illinois,17,Cook,031,"",0037,"",Tract    0037     in Chicago IL,4363
G17003100038,1930,Illinois,17,Cook,031,"",0038,"",Tract    0038     in Chicago IL,8868
G17003100039,1930,Illinois,17,Cook,031,"",0039,"",Tract    0039     in Chicago IL,5142
G17003100040,1930,Illinois,17,Cook,031,"",0040,"",Tract    0040     in Chicago IL,2726
G17003100041,1930,Illinois,17,Cook,031,"",0041,"",Tract    0041     in Chicago IL,3102
G17003100042,1930,Illinois,17,Cook,031,"",0042,"",Tract    0042     in Chicago IL,2464
G17003100043,1930,Illinois,17,Cook,031,"",0043,"",Tract    0043     in Chicago IL,4891
G17003100044,1930,Illinois,17,Cook,031,"",0044,"",Tract    0044     in Chicago IL,4307
G17003100045,1930,Illinois,17,Cook,031,"",0045,"",Tract    0045     in Chicago IL,1461
G17003100046,1930,Illinois,17,Cook,031,"",0046,"",Tract    0046     in Chicago IL,11327
G17003100047,1930,Illinois,17,Cook,031,"",0047,"",Tract    0047     in Chicago IL,10130
G17003100048,1930,Illinois,17,Cook,031,"",0048,"",Tract    0048     in Chicago IL,1267
G17003100049,1930,Illinois,17,Cook,031,"",0049,"",Tract    0049     in Chicago IL,4668
G17003100050,1930,Illinois,17,Cook,031,"",0050,"",Tract    0050     in Chicago IL,76
G17003100051,1930,Illinois,17,Cook,031,"",0051,"",Tract    0051     in Chicago IL,3588
G17003100052,1930,Illinois,17,Cook,031,"",0052,"",Tract    0052     in Chicago IL,3863
G17003100053,1930,Illinois,17,Cook,031,"",0053,"",Tract    0053     in Chicago IL,6604
G17003100054,1930,Illinois,17,Cook,031,"",0054,"",Tract    0054     in Chicago IL,8209
G17003100055,1930,Illinois,17,Cook,031,"",0055,"",Tract    0055     in Chicago IL,3025
G17003100056,1930,Illinois,17,Cook,031,"",0056,"",Tract    0056     in Chicago IL,2159
G17003100057,1930,Illinois,17,Cook,031,"",0057,"",Tract    0057     in Chicago IL,1828
G17003100058,1930,Illinois,17,Cook,031,"",0058,"",Tract    0058     in Chicago IL,943
G17003100059,1930,Illinois,17,Cook,031,"",0059,"",Tract    0059     in Chicago IL,2177
G17003100060,1930,Illinois,17,Cook,031,"",0060,"",Tract    0060     in Chicago IL,2726
G17003100061,1930,Illinois,17,Cook,031,"",0061,"",Tract    0061     in Chicago IL,3282
G17003100062,1930,Illinois,17,Cook,031,"",0062,"",Tract    0062     in Chicago IL,2140
G17003100063,1930,Illinois,17,Cook,031,"",0063,"",Tract    0063     in Chicago IL,2320
G17003100064,1930,Illinois,17,Cook,031,"",0064,"",Tract    0064     in Chicago IL,2300
G17003100065,1930,Illinois,17,Cook,031,"",0065,"",Tract    0065     in Chicago IL,2487
G17003100066,1930,Illinois,17,Cook,031,"",0066,"",Tract    0066     in Chicago IL,4014
G17003100067,1930,Illinois,17,Cook,031,"",0067,"",Tract    0067     in Chicago IL,3105
G17003100068,1930,Illinois,17,Cook,031,"",0068,"",Tract    0068     in Chicago IL,4529
G17003100069,1930,Illinois,17,Cook,031,"",0069,"",Tract    0069     in Chicago IL,4527
G17003100070,1930,Illinois,17,Cook,031,"",0070,"",Tract    0070     in Chicago IL,2358
G17003100071,1930,Illinois,17,Cook,031,"",0071,"",Tract    0071     in Chicago IL,2117
G17003100072,1930,Illinois,17,Cook,031,"",0072,"",Tract    0072     in Chicago IL,1750
G17003100073,1930,Illinois,17,Cook,031,"",0073,"",Tract    0073     in Chicago IL,4302
G17003100074,1930,Illinois,17,Cook,031,"",0074,"",Tract    0074     in Chicago IL,4986
G17003100075,1930,Illinois,17,Cook,031,"",0075,"",Tract    0075     in Chicago IL,2170
G17003100076,1930,Illinois,17,Cook,031,"",0076,"",Tract    0076     in Chicago IL,2605
G17003100077,1930,Illinois,17,Cook,031,"",0077,"",Tract    0077     in Chicago IL,2272
G17003100078,1930,Illinois,17,Cook,031,"",0078,"",Tract    0078     in Chicago IL,3388
G17003100079,1930,Illinois,17,Cook,031,"",0079,"",Tract    0079     in Chicago IL,5777
G17003100080,1930,Illinois,17,Cook,031,"",0080,"",Tract    0080     in Chicago IL,5540
G17003100081,1930,Illinois,17,Cook,031,"",0081,"",Tract    0081     in Chicago IL,5856
G17003100082,1930,Illinois,17,Cook,031,"",0082,"",Tract    0082     in Chicago IL,2857
G17003100083,1930,Illinois,17,Cook,031,"",0083,"",Tract    0083     in Chicago IL,3580
G17003100084,1930,Illinois,17,Cook,031,"",0084,"",Tract    0084     in Chicago IL,3710
G17003100085,1930,Illinois,17,Cook,031,"",0085,"",Tract    0085     in Chicago IL,4970
G17003100086,1930,Illinois,17,Cook,031,"",0086,"",Tract    0086     in Chicago IL,4548
G17003100087,1930,Illinois,17,Cook,031,"",0087,"",Tract    0087     in Chicago IL,6264
G17003100088,1930,Illinois,17,Cook,031,"",0088,"",Tract    0088     in Chicago IL,2810
G17003100089,1930,Illinois,17,Cook,031,"",0089,"",Tract    0089     in Chicago IL,877
G17003100090,1930,Illinois,17,Cook,031,"",0090,"",Tract    0090     in Chicago IL,1868
G17003100091,1930,Illinois,17,Cook,031,"",0091,"",Tract    0091     in Chicago IL,1840
G17003100092,1930,Illinois,17,Cook,031,"",0092,"",Tract    0092     in Chicago IL,5426
G17003100093,1930,Illinois,17,Cook,031,"",0093,"",Tract    0093     in Chicago IL,2964
G17003100094,1930,Illinois,17,Cook,031,"",0094,"",Tract    0094     in Chicago IL,2067
G17003100095,1930,Illinois,17,Cook,031,"",0095,"",Tract    0095     in Chicago IL,2696
G17003100096,1930,Illinois,17,Cook,031,"",0096,"",Tract    0096     in Chicago IL,1267
G17003100097,1930,Illinois,17,Cook,031,"",0097,"",Tract    0097     in Chicago IL,2056
G17003100098,1930,Illinois,17,Cook,031,"",0098,"",Tract    0098     in Chicago IL,2830
G17003100099,1930,Illinois,17,Cook,031,"",0099,"",Tract    0099     in Chicago IL,2946
G17003100100,1930,Illinois,17,Cook,031,"",0100,"",Tract    0100     in Chicago IL,3411
G17003100101,1930,Illinois,17,Cook,031,"",0101,"",Tract    0101     in Chicago IL,3560
G17003100102,1930,Illinois,17,Cook,031,"",0102,"",Tract    0102     in Chicago IL,4461
G17003100103,1930,Illinois,17,Cook,031,"",0103,"",Tract    0103     in Chicago IL,2559
G17003100104,1930,Illinois,17,Cook,031,"",0104,"",Tract    0104     in Chicago IL,2582
G17003100105,1930,Illinois,17,Cook,031,"",0105,"",Tract    0105     in Chicago IL,6621
G17003100106,1930,Illinois,17,Cook,031,"",0106,"",Tract    0106     in Chicago IL,5871
G17003100107,1930,Illinois,17,Cook,031,"",0107,"",Tract    0107     in Chicago IL,5553
G17003100108,1930,Illinois,17,Cook,031,"",0108,"",Tract    0108     in Chicago IL,6339
G17003100109,1930,Illinois,17,Cook,031,"",0109,"",Tract    0109     in Chicago IL,4852
G17003100110,1930,Illinois,17,Cook,031,"",0110,"",Tract    0110     in Chicago IL,4823
G17003100111,1930,Illinois,17,Cook,031,"",0111,"",Tract    0111     in Chicago IL,5123
G17003100112,1930,Illinois,17,Cook,031,"",0112,"",Tract    0112     in Chicago IL,6420
G17003100113,1930,Illinois,17,Cook,031,"",0113,"",Tract    0113     in Chicago IL,8058
G17003100114,1930,Illinois,17,Cook,031,"",0114,"",Tract    0114     in Chicago IL,1619
G17003100115,1930,Illinois,17,Cook,031,"",0115,"",Tract    0115     in Chicago IL,6307
G17003100116,1930,Illinois,17,Cook,031,"",0116,"",Tract    0116     in Chicago IL,6491
G17003100117,1930,Illinois,17,Cook,031,"",0117,"",Tract    0117     in Chicago IL,3623
G17003100118,1930,Illinois,17,Cook,031,"",0118,"",Tract    0118     in Chicago IL,2805
G17003100119,1930,Illinois,17,Cook,031,"",0119,"",Tract    0119     in Chicago IL,6795
G17003100120,1930,Illinois,17,Cook,031,"",0120,"",Tract    0120     in Chicago IL,275
G17003100121,1930,Illinois,17,Cook,031,"",0121,"",Tract    0121     in Chicago IL,5418
G17003100122,1930,Illinois,17,Cook,031,"",0122,"",Tract    0122     in Chicago IL,6317
G17003100123,1930,Illinois,17,Cook,031,"",0123,"",Tract    0123     in Chicago IL,6516
G17003100124,1930,Illinois,17,Cook,031,"",0124,"",Tract    0124     in Chicago IL,7291
G17003100125,1930,Illinois,17,Cook,031,"",0125,"",Tract    0125     in Chicago IL,4055
G17003100126,1930,Illinois,17,Cook,031,"",0126,"",Tract    0126     in Chicago IL,790
G17003100127,1930,Illinois,17,Cook,031,"",0127,"",Tract    0127     in Chicago IL,6656
G17003100128,1930,Illinois,17,Cook,031,"",0128,"",Tract    0128     in Chicago IL,2522
G17003100129,1930,Illinois,17,Cook,031,"",0129,"",Tract    0129     in Chicago IL,6901
G17003100130,1930,Illinois,17,Cook,031,"",0130,"",Tract    0130     in Chicago IL,3286
G17003100131,1930,Illinois,17,Cook,031,"",0131,"",Tract    0131     in Chicago IL,5725
G17003100132,1930,Illinois,17,Cook,031,"",0132,"",Tract    0132     in Chicago IL,7307
G17003100133,1930,Illinois,17,Cook,031,"",0133,"",Tract    0133     in Chicago IL,2957
G17003100134,1930,Illinois,17,Cook,031,"",0134,"",Tract    0134     in Chicago IL,2490
G17003100135,1930,Illinois,17,Cook,031,"",0135,"",Tract    0135     in Chicago IL,5039
G17003100136,1930,Illinois,17,Cook,031,"",0136,"",Tract    0136     in Chicago IL,3117
G17003100137,1930,Illinois,17,Cook,031,"",0137,"",Tract    0137     in Chicago IL,2892
G17003100138,1930,Illinois,17,Cook,031,"",0138,"",Tract    0138     in Chicago IL,64
G17003100139,1930,Illinois,17,Cook,031,"",0139,"",Tract    0139     in Chicago IL,4568
G17003100140,1930,Illinois,17,Cook,031,"",0140,"",Tract    0140     in Chicago IL,738
G17003100141,1930,Illinois,17,Cook,031,"",0141,"",Tract    0141     in Chicago IL,143
G17003100142,1930,Illinois,17,Cook,031,"",0142,"",Tract    0142     in Chicago IL,735
G17003100143,1930,Illinois,17,Cook,031,"",0143,"",Tract    0143     in Chicago IL,3507
G17003100144,1930,Illinois,17,Cook,031,"",0144,"",Tract    0144     in Chicago IL,4855
G17003100145,1930,Illinois,17,Cook,031,"",0145,"",Tract    0145     in Chicago IL,1756
G17003100146,1930,Illinois,17,Cook,031,"",0146,"",Tract    0146     in Chicago IL,3412
G17003100147,1930,Illinois,17,Cook,031,"",0147,"",Tract    0147     in Chicago IL,2363
G17003100148,1930,Illinois,17,Cook,031,"",0148,"",Tract    0148     in Chicago IL,2324
G17003100149,1930,Illinois,17,Cook,031,"",0149,"",Tract    0149     in Chicago IL,2944
G17003100150,1930,Illinois,17,Cook,031,"",0150,"",Tract    0150     in Chicago IL,8854
G17003100151,1930,Illinois,17,Cook,031,"",0151,"",Tract    0151     in Chicago IL,4047
G17003100152,1930,Illinois,17,Cook,031,"",0152,"",Tract    0152     in Chicago IL,423
G17003100153,1930,Illinois,17,Cook,031,"",0153,"",Tract    0153     in Chicago IL,2499
G17003100154,1930,Illinois,17,Cook,031,"",0154,"",Tract    0154     in Chicago IL,374
G17003100155,1930,Illinois,17,Cook,031,"",0155,"",Tract    0155     in Chicago IL,769
G17003100156,1930,Illinois,17,Cook,031,"",0156,"",Tract    0156     in Chicago IL,902
G17003100157,1930,Illinois,17,Cook,031,"",0157,"",Tract    0157     in Chicago IL,6117
G17003100158,1930,Illinois,17,Cook,031,"",0158,"",Tract    0158     in Chicago IL,257
G17003100159,1930,Illinois,17,Cook,031,"",0159,"",Tract    0159     in Chicago IL,3776
G17003100160,1930,Illinois,17,Cook,031,"",0160,"",Tract    0160     in Chicago IL,7011
G17003100161,1930,Illinois,17,Cook,031,"",0161,"",Tract    0161     in Chicago IL,4034
G17003100162,1930,Illinois,17,Cook,031,"",0162,"",Tract    0162     in Chicago IL,8880
G17003100163,1930,Illinois,17,Cook,031,"",0163,"",Tract    0163     in Chicago IL,9393
G17003100164,1930,Illinois,17,Cook,031,"",0164,"",Tract    0164     in Chicago IL,8054
G17003100165,1930,Illinois,17,Cook,031,"",0165,"",Tract    0165     in Chicago IL,7204
G17003100166,1930,Illinois,17,Cook,031,"",0166,"",Tract    0166     in Chicago IL,6543
G17003100167,1930,Illinois,17,Cook,031,"",0167,"",Tract    0167     in Chicago IL,4458
G17003100168,1930,Illinois,17,Cook,031,"",0168,"",Tract    0168     in Chicago IL,5670
G17003100169,1930,Illinois,17,Cook,031,"",0169,"",Tract    0169     in Chicago IL,7798
G17003100170,1930,Illinois,17,Cook,031,"",0170,"",Tract    0170     in Chicago IL,7795
G17003100171,1930,Illinois,17,Cook,031,"",0171,"",Tract    0171     in Chicago IL,4280
G17003100172,1930,Illinois,17,Cook,031,"",0172,"",Tract    0172     in Chicago IL,5095
G17003100173,1930,Illinois,17,Cook,031,"",0173,"",Tract    0173     in Chicago IL,5824
G17003100174,1930,Illinois,17,Cook,031,"",0174,"",Tract    0174     in Chicago IL,9705
G17003100175,1930,Illinois,17,Cook,031,"",0175,"",Tract    0175     in Chicago IL,859
G17003100176,1930,Illinois,17,Cook,031,"",0176,"",Tract    0176     in Chicago IL,2057
G17003100177,1930,Illinois,17,Cook,031,"",0177,"",Tract    0177     in Chicago IL,3089
G17003100178,1930,Illinois,17,Cook,031,"",0178,"",Tract    0178     in Chicago IL,4542
G17003100179,1930,Illinois,17,Cook,031,"",0179,"",Tract    0179     in Chicago IL,7489
G17003100180,1930,Illinois,17,Cook,031,"",0180,"",Tract    0180     in Chicago IL,5050
G17003100181,1930,Illinois,17,Cook,031,"",0181,"",Tract    0181     in Chicago IL,3787
G17003100182,1930,Illinois,17,Cook,031,"",0182,"",Tract    0182     in Chicago IL,2379
G17003100183,1930,Illinois,17,Cook,031,"",0183,"",Tract    0183     in Chicago IL,3901
G17003100184,1930,Illinois,17,Cook,031,"",0184,"",Tract    0184     in Chicago IL,2819
G17003100185,1930,Illinois,17,Cook,031,"",0185,"",Tract    0185     in Chicago IL,4359
G17003100186,1930,Illinois,17,Cook,031,"",0186,"",Tract    0186     in Chicago IL,6583
G17003100187,1930,Illinois,17,Cook,031,"",0187,"",Tract    0187     in Chicago IL,6898
G17003100188,1930,Illinois,17,Cook,031,"",0188,"",Tract    0188     in Chicago IL,6030
G17003100189,1930,Illinois,17,Cook,031,"",0189,"",Tract    0189     in Chicago IL,8622
G17003100190,1930,Illinois,17,Cook,031,"",0190,"",Tract    0190     in Chicago IL,8341
G17003100191,1930,Illinois,17,Cook,031,"",0191,"",Tract    0191     in Chicago IL,2603
G17003100192,1930,Illinois,17,Cook,031,"",0192,"",Tract    0192     in Chicago IL,5411
G17003100193,1930,Illinois,17,Cook,031,"",0193,"",Tract    0193     in Chicago IL,940
G17003100194,1930,Illinois,17,Cook,031,"",0194,"",Tract    0194     in Chicago IL,1882
G17003100195,1930,Illinois,17,Cook,031,"",0195,"",Tract    0195     in Chicago IL,516
G17003100196,1930,Illinois,17,Cook,031,"",0196,"",Tract    0196     in Chicago IL,1000
G17003100197,1930,Illinois,17,Cook,031,"",0197,"",Tract    0197     in Chicago IL,1685
G17003100198,1930,Illinois,17,Cook,031,"",0198,"",Tract    0198     in Chicago IL,748
G17003100199,1930,Illinois,17,Cook,031,"",0199,"",Tract    0199     in Chicago IL,3432
G17003100200,1930,Illinois,17,Cook,031,"",0200,"",Tract    0200     in Chicago IL,3877
G17003100201,1930,Illinois,17,Cook,031,"",0201,"",Tract    0201     in Chicago IL,2620
G17003100202,1930,Illinois,17,Cook,031,"",0202,"",Tract    0202     in Chicago IL,2959
G17003100203,1930,Illinois,17,Cook,031,"",0203,"",Tract    0203     in Chicago IL,2866
G17003100204,1930,Illinois,17,Cook,031,"",0204,"",Tract    0204     in Chicago IL,4764
G17003100205,1930,Illinois,17,Cook,031,"",0205,"",Tract    0205     in Chicago IL,870
G17003100206,1930,Illinois,17,Cook,031,"",0206,"",Tract    0206     in Chicago IL,978
G17003100207,1930,Illinois,17,Cook,031,"",0207,"",Tract    0207     in Chicago IL,5891
G17003100208,1930,Illinois,17,Cook,031,"",0208,"",Tract    0208     in Chicago IL,4239
G17003100209,1930,Illinois,17,Cook,031,"",0209,"",Tract    0209     in Chicago IL,5256
G17003100210,1930,Illinois,17,Cook,031,"",0210,"",Tract    0210     in Chicago IL,1965
G17003100211,1930,Illinois,17,Cook,031,"",0211,"",Tract    0211     in Chicago IL,15
G17003100212,1930,Illinois,17,Cook,031,"",0212,"",Tract    0212     in Chicago IL,6281
G17003100213,1930,Illinois,17,Cook,031,"",0213,"",Tract    0213     in Chicago IL,6540
G17003100214,1930,Illinois,17,Cook,031,"",0214,"",Tract    0214     in Chicago IL,5723
G17003100215,1930,Illinois,17,Cook,031,"",0215,"",Tract    0215     in Chicago IL,1718
G17003100216,1930,Illinois,17,Cook,031,"",0216,"",Tract    0216     in Chicago IL,683
G17003100217,1930,Illinois,17,Cook,031,"",0217,"",Tract    0217     in Chicago IL,7854
G17003100218,1930,Illinois,17,Cook,031,"",0218,"",Tract    0218     in Chicago IL,3816
G17003100219,1930,Illinois,17,Cook,031,"",0219,"",Tract    0219     in Chicago IL,6979
G17003100220,1930,Illinois,17,Cook,031,"",0220,"",Tract    0220     in Chicago IL,2283
G17003100221,1930,Illinois,17,Cook,031,"",0221,"",Tract    0221     in Chicago IL,3521
G17003100222,1930,Illinois,17,Cook,031,"",0222,"",Tract    0222     in Chicago IL,5053
G17003100223,1930,Illinois,17,Cook,031,"",0223,"",Tract    0223     in Chicago IL,2002
G17003100224,1930,Illinois,17,Cook,031,"",0224,"",Tract    0224     in Chicago IL,7802
G17003100225,1930,Illinois,17,Cook,031,"",0225,"",Tract    0225     in Chicago IL,4338
G17003100226,1930,Illinois,17,Cook,031,"",0226,"",Tract    0226     in Chicago IL,802
G17003100227,1930,Illinois,17,Cook,031,"",0227,"",Tract    0227     in Chicago IL,4440
G17003100228,1930,Illinois,17,Cook,031,"",0228,"",Tract    0228     in Chicago IL,7978
G17003100229,1930,Illinois,17,Cook,031,"",0229,"",Tract    0229     in Chicago IL,2001
G17003100230,1930,Illinois,17,Cook,031,"",0230,"",Tract    0230     in Chicago IL,2731
G17003100231,1930,Illinois,17,Cook,031,"",0231,"",Tract    0231     in Chicago IL,9540
G17003100232,1930,Illinois,17,Cook,031,"",0232,"",Tract    0232     in Chicago IL,9314
G17003100233,1930,Illinois,17,Cook,031,"",0233,"",Tract    0233     in Chicago IL,6256
G17003100234,1930,Illinois,17,Cook,031,"",0234,"",Tract    0234     in Chicago IL,1969
G17003100235,1930,Illinois,17,Cook,031,"",0235,"",Tract    0235     in Chicago IL,4204
G17003100236,1930,Illinois,17,Cook,031,"",0236,"",Tract    0236     in Chicago IL,122
G17003100237,1930,Illinois,17,Cook,031,"",0237,"",Tract    0237     in Chicago IL,9149
G17003100238,1930,Illinois,17,Cook,031,"",0238,"",Tract    0238     in Chicago IL,9999
G17003100239,1930,Illinois,17,Cook,031,"",0239,"",Tract    0239     in Chicago IL,4029
G17003100240,1930,Illinois,17,Cook,031,"",0240,"",Tract    0240     in Chicago IL,4327
G17003100241,1930,Illinois,17,Cook,031,"",0241,"",Tract    0241     in Chicago IL,3826
G17003100242,1930,Illinois,17,Cook,031,"",0242,"",Tract    0242     in Chicago IL,3280
G17003100243,1930,Illinois,17,Cook,031,"",0243,"",Tract    0243     in Chicago IL,1499
G17003100244,1930,Illinois,17,Cook,031,"",0244,"",Tract    0244     in Chicago IL,4148
G17003100245,1930,Illinois,17,Cook,031,"",0245,"",Tract    0245     in Chicago IL,4354
G17003100246,1930,Illinois,17,Cook,031,"",0246,"",Tract    0246     in Chicago IL,4518
G17003100247,1930,Illinois,17,Cook,031,"",0247,"",Tract    0247     in Chicago IL,6690
G17003100248,1930,Illinois,17,Cook,031,"",0248,"",Tract    0248     in Chicago IL,6238
G17003100249,1930,Illinois,17,Cook,031,"",0249,"",Tract    0249     in Chicago IL,7409
G17003100250,1930,Illinois,17,Cook,031,"",0250,"",Tract    0250     in Chicago IL,3866
G17003100251,1930,Illinois,17,Cook,031,"",0251,"",Tract    0251     in Chicago IL,1348
G17003100252,1930,Illinois,17,Cook,031,"",0252,"",Tract    0252     in Chicago IL,1353
G17003100253,1930,Illinois,17,Cook,031,"",0253,"",Tract    0253     in Chicago IL,6520
G17003100254,1930,Illinois,17,Cook,031,"",0254,"",Tract    0254     in Chicago IL,4258
G17003100255,1930,Illinois,17,Cook,031,"",0255,"",Tract    0255     in Chicago IL,2785
G17003100256,1930,Illinois,17,Cook,031,"",0256,"",Tract    0256     in Chicago IL,2697
G17003100257,1930,Illinois,17,Cook,031,"",0257,"",Tract    0257     in Chicago IL,2587
G17003100258,1930,Illinois,17,Cook,031,"",0258,"",Tract    0258     in Chicago IL,2790
G17003100259,1930,Illinois,17,Cook,031,"",0259,"",Tract    0259     in Chicago IL,1791
G17003100260,1930,Illinois,17,Cook,031,"",0260,"",Tract    0260     in Chicago IL,3642
G17003100261,1930,Illinois,17,Cook,031,"",0261,"",Tract    0261     in Chicago IL,4798
G17003100262,1930,Illinois,17,Cook,031,"",0262,"",Tract    0262     in Chicago IL,1440
G17003100263,1930,Illinois,17,Cook,031,"",0263,"",Tract    0263     in Chicago IL,2788
G17003100264,1930,Illinois,17,Cook,031,"",0264,"",Tract    0264     in Chicago IL,1923
G17003100265,1930,Illinois,17,Cook,031,"",0265,"",Tract    0265     in Chicago IL,3768
G17003100266,1930,Illinois,17,Cook,031,"",0266,"",Tract    0266     in Chicago IL,2746
G17003100267,1930,Illinois,17,Cook,031,"",0267,"",Tract    0267     in Chicago IL,1303
G17003100268,1930,Illinois,17,Cook,031,"",0268,"",Tract    0268     in Chicago IL,6994
G17003100269,1930,Illinois,17,Cook,031,"",0269,"",Tract    0269     in Chicago IL,1593
G17003100270,1930,Illinois,17,Cook,031,"",0270,"",Tract    0270     in Chicago IL,9430
G17003100271,1930,Illinois,17,Cook,031,"",0271,"",Tract    0271     in Chicago IL,1674
G17003100272,1930,Illinois,17,Cook,031,"",0272,"",Tract    0272     in Chicago IL,2933
G17003100273,1930,Illinois,17,Cook,031,"",0273,"",Tract    0273     in Chicago IL,2566
G17003100274,1930,Illinois,17,Cook,031,"",0274,"",Tract    0274     in Chicago IL,8467
G17003100275,1930,Illinois,17,Cook,031,"",0275,"",Tract    0275     in Chicago IL,4892
G17003100276,1930,Illinois,17,Cook,031,"",0276,"",Tract    0276     in Chicago IL,610
G17003100277,1930,Illinois,17,Cook,031,"",0277,"",Tract    0277     in Chicago IL,8033
G17003100278,1930,Illinois,17,Cook,031,"",0278,"",Tract    0278     in Chicago IL,8251
G17003100279,1930,Illinois,17,Cook,031,"",0279,"",Tract    0279     in Chicago IL,116
G17003100280,1930,Illinois,17,Cook,031,"",0280,"",Tract    0280     in Chicago IL,12723
G17003100281,1930,Illinois,17,Cook,031,"",0281,"",Tract    0281     in Chicago IL,3151
G17003100282,1930,Illinois,17,Cook,031,"",0282,"",Tract    0282     in Chicago IL,1585
G17003100283,1930,Illinois,17,Cook,031,"",0283,"",Tract    0283     in Chicago IL,2736
G17003100284,1930,Illinois,17,Cook,031,"",0284,"",Tract    0284     in Chicago IL,2378
G17003100285,1930,Illinois,17,Cook,031,"",0285,"",Tract    0285     in Chicago IL,4143
G17003100286,1930,Illinois,17,Cook,031,"",0286,"",Tract    0286     in Chicago IL,4880
G17003100287,1930,Illinois,17,Cook,031,"",0287,"",Tract    0287     in Chicago IL,3029
G17003100288,1930,Illinois,17,Cook,031,"",0288,"",Tract    0288     in Chicago IL,3782
G17003100289,1930,Illinois,17,Cook,031,"",0289,"",Tract    0289     in Chicago IL,5496
G17003100290,1930,Illinois,17,Cook,031,"",0290,"",Tract    0290     in Chicago IL,5573
G17003100291,1930,Illinois,17,Cook,031,"",0291,"",Tract    0291     in Chicago IL,5577
G17003100292,1930,Illinois,17,Cook,031,"",0292,"",Tract    0292     in Chicago IL,6168
G17003100293,1930,Illinois,17,Cook,031,"",0293,"",Tract    0293     in Chicago IL,7869
G17003100294,1930,Illinois,17,Cook,031,"",0294,"",Tract    0294     in Chicago IL,7982
G17003100295,1930,Illinois,17,Cook,031,"",0295,"",Tract    0295     in Chicago IL,2091
G17003100296,1930,Illinois,17,Cook,031,"",0296,"",Tract    0296     in Chicago IL,2065
G17003100297,1930,Illinois,17,Cook,031,"",0297,"",Tract    0297     in Chicago IL,195
G17003100298,1930,Illinois,17,Cook,031,"",0298,"",Tract    0298     in Chicago IL,8617
G17003100299,1930,Illinois,17,Cook,031,"",0299,"",Tract    0299     in Chicago IL,6162
G17003100300,1930,Illinois,17,Cook,031,"",0300,"",Tract    0300     in Chicago IL,4582
G17003100301,1930,Illinois,17,Cook,031,"",0301,"",Tract    0301     in Chicago IL,12488
G17003100302,1930,Illinois,17,Cook,031,"",0302,"",Tract    0302     in Chicago IL,3406
G17003100303,1930,Illinois,17,Cook,031,"",0303,"",Tract    0303     in Chicago IL,6594
G17003100304,1930,Illinois,17,Cook,031,"",0304,"",Tract    0304     in Chicago IL,6452
G17003100305,1930,Illinois,17,Cook,031,"",0305,"",Tract    0305     in Chicago IL,949
G17003100306,1930,Illinois,17,Cook,031,"",0306,"",Tract    0306     in Chicago IL,3211
G17003100307,1930,Illinois,17,Cook,031,"",0307,"",Tract    0307     in Chicago IL,2490
G17003100308,1930,Illinois,17,Cook,031,"",0308,"",Tract    0308     in Chicago IL,1938
G17003100309,1930,Illinois,17,Cook,031,"",0309,"",Tract    0309     in Chicago IL,9109
G17003100310,1930,Illinois,17,Cook,031,"",0310,"",Tract    0310     in Chicago IL,6122
G17003100311,1930,Illinois,17,Cook,031,"",0311,"",Tract    0311     in Chicago IL,7950
G17003100312,1930,Illinois,17,Cook,031,"",0312,"",Tract    0312     in Chicago IL,3682
G17003100313,1930,Illinois,17,Cook,031,"",0313,"",Tract    0313     in Chicago IL,8884
G17003100314,1930,Illinois,17,Cook,031,"",0314,"",Tract    0314     in Chicago IL,5905
G17003100315,1930,Illinois,17,Cook,031,"",0315,"",Tract    0315     in Chicago IL,2532
G17003100316,1930,Illinois,17,Cook,031,"",0316,"",Tract    0316     in Chicago IL,6586
G17003100317,1930,Illinois,17,Cook,031,"",0317,"",Tract    0317     in Chicago IL,6840
G17003100318,1930,Illinois,17,Cook,031,"",0318,"",Tract    0318     in Chicago IL,5329
G17003100319,1930,Illinois,17,Cook,031,"",0319,"",Tract    0319     in Chicago IL,3116
G17003100320,1930,Illinois,17,Cook,031,"",0320,"",Tract    0320     in Chicago IL,384
G17003100321,1930,Illinois,17,Cook,031,"",0321,"",Tract    0321     in Chicago IL,2630
G17003100322,1930,Illinois,17,Cook,031,"",0322,"",Tract    0322     in Chicago IL,6822
G17003100323,1930,Illinois,17,Cook,031,"",0323,"",Tract    0323     in Chicago IL,5003
G17003100324,1930,Illinois,17,Cook,031,"",0324,"",Tract    0324     in Chicago IL,2805
G17003100325,1930,Illinois,17,Cook,031,"",0325,"",Tract    0325     in Chicago IL,596
G17003100326,1930,Illinois,17,Cook,031,"",0326,"",Tract    0326     in Chicago IL,5133
G17003100327,1930,Illinois,17,Cook,031,"",0327,"",Tract    0327     in Chicago IL,7283
G17003100328,1930,Illinois,17,Cook,031,"",0328,"",Tract    0328     in Chicago IL,2976
G17003100329,1930,Illinois,17,Cook,031,"",0329,"",Tract    0329     in Chicago IL,1101
G17003100330,1930,Illinois,17,Cook,031,"",0330,"",Tract    0330     in Chicago IL,6708
G17003100331,1930,Illinois,17,Cook,031,"",0331,"",Tract    0331     in Chicago IL,5361
G17003100332,1930,Illinois,17,Cook,031,"",0332,"",Tract    0332     in Chicago IL,6119
G17003100333,1930,Illinois,17,Cook,031,"",0333,"",Tract    0333     in Chicago IL,1976
G17003100334,1930,Illinois,17,Cook,031,"",0334,"",Tract    0334     in Chicago IL,6411
G17003100335,1930,Illinois,17,Cook,031,"",0335,"",Tract    0335     in Chicago IL,5561
G17003100336,1930,Illinois,17,Cook,031,"",0336,"",Tract    0336     in Chicago IL,5558
G17003100337,1930,Illinois,17,Cook,031,"",0337,"",Tract    0337     in Chicago IL,3792
G17003100338,1930,Illinois,17,Cook,031,"",0338,"",Tract    0338     in Chicago IL,7836
G17003100339,1930,Illinois,17,Cook,031,"",0339,"",Tract    0339     in Chicago IL,8514
G17003100340,1930,Illinois,17,Cook,031,"",0340,"",Tract    0340     in Chicago IL,10470
G17003100341,1930,Illinois,17,Cook,031,"",0341,"",Tract    0341     in Chicago IL,11363
G17003100342,1930,Illinois,17,Cook,031,"",0342,"",Tract    0342     in Chicago IL,3529
G17003100343,1930,Illinois,17,Cook,031,"",0343,"",Tract    0343     in Chicago IL,11379
G17003100344,1930,Illinois,17,Cook,031,"",0344,"",Tract    0344     in Chicago IL,2188
G17003100345,1930,Illinois,17,Cook,031,"",0345,"",Tract    0345     in Chicago IL,3238
G17003100346,1930,Illinois,17,Cook,031,"",0346,"",Tract    0346     in Chicago IL,3765
G17003100347,1930,Illinois,17,Cook,031,"",0347,"",Tract    0347     in Chicago IL,4036
G17003100348,1930,Illinois,17,Cook,031,"",0348,"",Tract    0348     in Chicago IL,4838
G17003100349,1930,Illinois,17,Cook,031,"",0349,"",Tract    0349     in Chicago IL,6774
G17003100350,1930,Illinois,17,Cook,031,"",0350,"",Tract    0350     in Chicago IL,6573
G17003100351,1930,Illinois,17,Cook,031,"",0351,"",Tract    0351     in Chicago IL,2945
G17003100352,1930,Illinois,17,Cook,031,"",0352,"",Tract    0352     in Chicago IL,7275
G17003100353,1930,Illinois,17,Cook,031,"",0353,"",Tract    0353     in Chicago IL,6741
G17003100354,1930,Illinois,17,Cook,031,"",0354,"",Tract    0354     in Chicago IL,3829
G17003100355,1930,Illinois,17,Cook,031,"",0355,"",Tract    0355     in Chicago IL,1992
G17003100356,1930,Illinois,17,Cook,031,"",0356,"",Tract    0356     in Chicago IL,1105
G17003100357,1930,Illinois,17,Cook,031,"",0357,"",Tract    0357     in Chicago IL,1645
G17003100358,1930,Illinois,17,Cook,031,"",0358,"",Tract    0358     in Chicago IL,3825
G17003100359,1930,Illinois,17,Cook,031,"",0359,"",Tract    0359     in Chicago IL,4324
G17003100360,1930,Illinois,17,Cook,031,"",0360,"",Tract    0360     in Chicago IL,2276
G17003100361,1930,Illinois,17,Cook,031,"",0361,"",Tract    0361     in Chicago IL,1163
G17003100362,1930,Illinois,17,Cook,031,"",0362,"",Tract    0362     in Chicago IL,2945
G17003100363,1930,Illinois,17,Cook,031,"",0363,"",Tract    0363     in Chicago IL,3241
G17003100364,1930,Illinois,17,Cook,031,"",0364,"",Tract    0364     in Chicago IL,2783
G17003100365,1930,Illinois,17,Cook,031,"",0365,"",Tract    0365     in Chicago IL,3197
G17003100366,1930,Illinois,17,Cook,031,"",0366,"",Tract    0366     in Chicago IL,3757
G17003100367,1930,Illinois,17,Cook,031,"",0367,"",Tract    0367     in Chicago IL,3610
G17003100368,1930,Illinois,17,Cook,031,"",0368,"",Tract    0368     in Chicago IL,6828
G17003100369,1930,Illinois,17,Cook,031,"",0369,"",Tract    0369     in Chicago IL,4032
G17003100370,1930,Illinois,17,Cook,031,"",0370,"",Tract    0370     in Chicago IL,1839
G17003100371,1930,Illinois,17,Cook,031,"",0371,"",Tract    0371     in Chicago IL,1445
G17003100372,1930,Illinois,17,Cook,031,"",0372,"",Tract    0372     in Chicago IL,5253
G17003100373,1930,Illinois,17,Cook,031,"",0373,"",Tract    0373     in Chicago IL,5634
G17003100374,1930,Illinois,17,Cook,031,"",0374,"",Tract    0374     in Chicago IL,539
G17003100375,1930,Illinois,17,Cook,031,"",0375,"",Tract    0375     in Chicago IL,1920
G17003100376,1930,Illinois,17,Cook,031,"",0376,"",Tract    0376     in Chicago IL,1989
G17003100377,1930,Illinois,17,Cook,031,"",0377,"",Tract    0377     in Chicago IL,4174
G17003100378,1930,Illinois,17,Cook,031,"",0378,"",Tract    0378     in Chicago IL,3550
G17003100379,1930,Illinois,17,Cook,031,"",0379,"",Tract    0379     in Chicago IL,931
G17003100380,1930,Illinois,17,Cook,031,"",0380,"",Tract    0380     in Chicago IL,593
G17003100381,1930,Illinois,17,Cook,031,"",0381,"",Tract    0381     in Chicago IL,778
G17003100382,1930,Illinois,17,Cook,031,"",0382,"",Tract    0382     in Chicago IL,3269
G17003100383,1930,Illinois,17,Cook,031,"",0383,"",Tract    0383     in Chicago IL,1740
G17003100384,1930,Illinois,17,Cook,031,"",0384,"",Tract    0384     in Chicago IL,1365
G17003100385,1930,Illinois,17,Cook,031,"",0385,"",Tract    0385     in Chicago IL,534
G17003100386,1930,Illinois,17,Cook,031,"",0386,"",Tract    0386     in Chicago IL,727
G17003100387,1930,Illinois,17,Cook,031,"",0387,"",Tract    0387     in Chicago IL,259
G17003100388,1930,Illinois,17,Cook,031,"",0388,"",Tract    0388     in Chicago IL,1062
G17003100389,1930,Illinois,17,Cook,031,"",0389,"",Tract    0389     in Chicago IL,702
G17003100390,1930,Illinois,17,Cook,031,"",0390,"",Tract    0390     in Chicago IL,3390
G17003100391,1930,Illinois,17,Cook,031,"",0391,"",Tract    0391     in Chicago IL,248
G17003100392,1930,Illinois,17,Cook,031,"",0392,"",Tract    0392     in Chicago IL,2782
G17003100393,1930,Illinois,17,Cook,031,"",0393,"",Tract    0393     in Chicago IL,2056
G17003100394,1930,Illinois,17,Cook,031,"",0394,"",Tract    0394     in Chicago IL,505
G17003100395,1930,Illinois,17,Cook,031,"",0395,"",Tract    0395     in Chicago IL,2489
G17003100396,1930,Illinois,17,Cook,031,"",0396,"",Tract    0396     in Chicago IL,1118
G17003100397,1930,Illinois,17,Cook,031,"",0397,"",Tract    0397     in Chicago IL,4467
G17003100398,1930,Illinois,17,Cook,031,"",0398,"",Tract    0398     in Chicago IL,521
G17003100399,1930,Illinois,17,Cook,031,"",0399,"",Tract    0399     in Chicago IL,974
G17003100400,1930,Illinois,17,Cook,031,"",0400,"",Tract    0400     in Chicago IL,451
G17003100401,1930,Illinois,17,Cook,031,"",0401,"",Tract    0401     in Chicago IL,2063
G17003100402,1930,Illinois,17,Cook,031,"",0402,"",Tract    0402     in Chicago IL,2803
G17003100403,1930,Illinois,17,Cook,031,"",0403,"",Tract    0403     in Chicago IL,3424
G17003100404,1930,Illinois,17,Cook,031,"",0404,"",Tract    0404     in Chicago IL,502
G17003100405,1930,Illinois,17,Cook,031,"",0405,"",Tract    0405     in Chicago IL,968
G17003100406,1930,Illinois,17,Cook,031,"",0406,"",Tract    0406     in Chicago IL,353
G17003100407,1930,Illinois,17,Cook,031,"",0407,"",Tract    0407     in Chicago IL,3799
G17003100408,1930,Illinois,17,Cook,031,"",0408,"",Tract    0408     in Chicago IL,2527
G17003100409,1930,Illinois,17,Cook,031,"",0409,"",Tract    0409     in Chicago IL,1106
G17003100410,1930,Illinois,17,Cook,031,"",0410,"",Tract    0410     in Chicago IL,3778
G17003100411,1930,Illinois,17,Cook,031,"",0411,"",Tract    0411     in Chicago IL,1124
G17003100412,1930,Illinois,17,Cook,031,"",0412,"",Tract    0412     in Chicago IL,1308
G17003100413,1930,Illinois,17,Cook,031,"",0413,"",Tract    0413     in Chicago IL,4911
G17003100414,1930,Illinois,17,Cook,031,"",0414,"",Tract    0414     in Chicago IL,3696
G17003100415,1930,Illinois,17,Cook,031,"",0415,"",Tract    0415     in Chicago IL,3626
G17003100416,1930,Illinois,17,Cook,031,"",0416,"",Tract    0416     in Chicago IL,1693
G17003100417,1930,Illinois,17,Cook,031,"",0417,"",Tract    0417     in Chicago IL,975
G17003100418,1930,Illinois,17,Cook,031,"",0418,"",Tract    0418     in Chicago IL,6111
G17003100419,1930,Illinois,17,Cook,031,"",0419,"",Tract    0419     in Chicago IL,4130
G17003100420,1930,Illinois,17,Cook,031,"",0420,"",Tract    0420     in Chicago IL,3009
G17003100421,1930,Illinois,17,Cook,031,"",0421,"",Tract    0421     in Chicago IL,4694
G17003100422,1930,Illinois,17,Cook,031,"",0422,"",Tract    0422     in Chicago IL,3735
G17003100423,1930,Illinois,17,Cook,031,"",0423,"",Tract    0423     in Chicago IL,1154
G17003100424,1930,Illinois,17,Cook,031,"",0424,"",Tract    0424     in Chicago IL,69
G17003100425,1930,Illinois,17,Cook,031,"",0425,"",Tract    0425     in Chicago IL,887
G17003100426,1930,Illinois,17,Cook,031,"",0426,"",Tract    0426     in Chicago IL,1309
G17003100427,1930,Illinois,17,Cook,031,"",0427,"",Tract    0427     in Chicago IL,721
G17003100428,1930,Illinois,17,Cook,031,"",0428,"",Tract    0428     in Chicago IL,5795
G17003100429,1930,Illinois,17,Cook,031,"",0429,"",Tract    0429     in Chicago IL,4540
G17003100430,1930,Illinois,17,Cook,031,"",0430,"",Tract    0430     in Chicago IL,375
G17003100431,1930,Illinois,17,Cook,031,"",0431,"",Tract    0431     in Chicago IL,2418
G17003100432,1930,Illinois,17,Cook,031,"",0432,"",Tract    0432     in Chicago IL,4312
G17003100433,1930,Illinois,17,Cook,031,"",0433,"",Tract    0433     in Chicago IL,2177
G17003100434,1930,Illinois,17,Cook,031,"",0434,"",Tract    0434     in Chicago IL,7271
G17003100435,1930,Illinois,17,Cook,031,"",0435,"",Tract    0435     in Chicago IL,2120
G17003100436,1930,Illinois,17,Cook,031,"",0436,"",Tract    0436     in Chicago IL,2268
G17003100437,1930,Illinois,17,Cook,031,"",0437,"",Tract    0437     in Chicago IL,1394
G17003100438,1930,Illinois,17,Cook,031,"",0438,"",Tract    0438     in Chicago IL,2113
G17003100439,1930,Illinois,17,Cook,031,"",0439,"",Tract    0439     in Chicago IL,1120
G17003100440,1930,Illinois,17,Cook,031,"",0440,"",Tract    0440     in Chicago IL,3660
G17003100441,1930,Illinois,17,Cook,031,"",0441,"",Tract    0441     in Chicago IL,4439
G17003100442,1930,Illinois,17,Cook,031,"",0442,"",Tract    0442     in Chicago IL,2740
G17003100443,1930,Illinois,17,Cook,031,"",0443,"",Tract    0443     in Chicago IL,566
G17003100444,1930,Illinois,17,Cook,031,"",0444,"",Tract    0444     in Chicago IL,2878
G17003100445,1930,Illinois,17,Cook,031,"",0445,"",Tract    0445     in Chicago IL,2198
G17003100446,1930,Illinois,17,Cook,031,"",0446,"",Tract    0446     in Chicago IL,1436
G17003100447,1930,Illinois,17,Cook,031,"",0447,"",Tract    0447     in Chicago IL,2182
G17003100448,1930,Illinois,17,Cook,031,"",0448,"",Tract    0448     in Chicago IL,1428
G17003100449,1930,Illinois,17,Cook,031,"",0449,"",Tract    0449     in Chicago IL,2068
G17003100450,1930,Illinois,17,Cook,031,"",0450,"",Tract    0450     in Chicago IL,21676
G17003100451,1930,Illinois,17,Cook,031,"",0451,"",Tract    0451     in Chicago IL,9761
G17003100452,1930,Illinois,17,Cook,031,"",0452,"",Tract    0452     in Chicago IL,9584
G17003100453,1930,Illinois,17,Cook,031,"",0453,"",Tract    0453     in Chicago IL,2041
G17003100454,1930,Illinois,17,Cook,031,"",0454,"",Tract    0454     in Chicago IL,4689
G17003100455,1930,Illinois,17,Cook,031,"",0455,"",Tract    0455     in Chicago IL,2847
G17003100456,1930,Illinois,17,Cook,031,"",0456,"",Tract    0456     in Chicago IL,102
G17003100457,1930,Illinois,17,Cook,031,"",0457,"",Tract    0457     in Chicago IL,4475
G17003100458,1930,Illinois,17,Cook,031,"",0458,"",Tract    0458     in Chicago IL,0
G17003100459,1930,Illinois,17,Cook,031,"",0459,"",Tract    0459     in Chicago IL,1942
G17003100460,1930,Illinois,17,Cook,031,"",0460,"",Tract    0460     in Chicago IL,14818
G17003100461,1930,Illinois,17,Cook,031,"",0461,"",Tract    0461     in Chicago IL,4422
G17003100462,1930,Illinois,17,Cook,031,"",0462,"",Tract    0462     in Chicago IL,6002
G17003100463,1930,Illinois,17,Cook,031,"",0463,"",Tract    0463     in Chicago IL,6806
G17003100464,1930,Illinois,17,Cook,031,"",0464,"",Tract    0464     in Chicago IL,2670
G17003100465,1930,Illinois,17,Cook,031,"",0465,"",Tract    0465     in Chicago IL,0
G17003100466,1930,Illinois,17,Cook,031,"",0466,"",Tract    0466     in Chicago IL,1629
G17003100467,1930,Illinois,17,Cook,031,"",0467,"",Tract    0467     in Chicago IL,1602
G17003100468,1930,Illinois,17,Cook,031,"",0468,"",Tract    0468     in Chicago IL,1624
G17003100469,1930,Illinois,17,Cook,031,"",0469,"",Tract    0469     in Chicago IL,1897
G17003100470,1930,Illinois,17,Cook,031,"",0470,"",Tract    0470     in Chicago IL,1484
G17003100471,1930,Illinois,17,Cook,031,"",0471,"",Tract    0471     in Chicago IL,3808
G17003100472,1930,Illinois,17,Cook,031,"",0472,"",Tract    0472     in Chicago IL,1292
G17003100473,1930,Illinois,17,Cook,031,"",0473,"",Tract    0473     in Chicago IL,1663
G17003100474,1930,Illinois,17,Cook,031,"",0474,"",Tract    0474     in Chicago IL,4163
G17003100475,1930,Illinois,17,Cook,031,"",0475,"",Tract    0475     in Chicago IL,0
G17003100476,1930,Illinois,17,Cook,031,"",0476,"",Tract    0476     in Chicago IL,3366
G17003100477,1930,Illinois,17,Cook,031,"",0477,"",Tract    0477     in Chicago IL,12262
G17003100478,1930,Illinois,17,Cook,031,"",0478,"",Tract    0478     in Chicago IL,8193
G17003100479,1930,Illinois,17,Cook,031,"",0479,"",Tract    0479     in Chicago IL,1462
G17003100480,1930,Illinois,17,Cook,031,"",0480,"",Tract    0480     in Chicago IL,2797
G17003100481,1930,Illinois,17,Cook,031,"",0481,"",Tract    0481     in Chicago IL,3194
G17003100482,1930,Illinois,17,Cook,031,"",0482,"",Tract    0482     in Chicago IL,511
G17003100483,1930,Illinois,17,Cook,031,"",0483,"",Tract    0483     in Chicago IL,4490
G17003100484,1930,Illinois,17,Cook,031,"",0484,"",Tract    0484     in Chicago IL,5334
G17003100485,1930,Illinois,17,Cook,031,"",0485,"",Tract    0485     in Chicago IL,425
G17003100486,1930,Illinois,17,Cook,031,"",0486,"",Tract    0486     in Chicago IL,242
G17003100487,1930,Illinois,17,Cook,031,"",0487,"",Tract    0487     in Chicago IL,1810
G17003100488,1930,Illinois,17,Cook,031,"",0488,"",Tract    0488     in Chicago IL,6950
G17003100489,1930,Illinois,17,Cook,031,"",0489,"",Tract    0489     in Chicago IL,3204
G17003100490,1930,Illinois,17,Cook,031,"",0490,"",Tract    0490     in Chicago IL,4717
G17003100491,1930,Illinois,17,Cook,031,"",0491,"",Tract    0491     in Chicago IL,3531
G17003100492,1930,Illinois,17,Cook,031,"",0492,"",Tract    0492     in Chicago IL,1313
G17003100493,1930,Illinois,17,Cook,031,"",0493,"",Tract    0493     in Chicago IL,2005
G17003100494,1930,Illinois,17,Cook,031,"",0494,"",Tract    0494     in Chicago IL,17
G17003100495,1930,Illinois,17,Cook,031,"",0495,"",Tract    0495     in Chicago IL,3071
G17003100496,1930,Illinois,17,Cook,031,"",0496,"",Tract    0496     in Chicago IL,10197
G17003100497,1930,Illinois,17,Cook,031,"",0497,"",Tract    0497     in Chicago IL,2731
G17003100498,1930,Illinois,17,Cook,031,"",0498,"",Tract    0498     in Chicago IL,29
G17003100499,1930,Illinois,17,Cook,031,"",0499,"",Tract    0499     in Chicago IL,2560
G17003100500,1930,Illinois,17,Cook,031,"",0500,"",Tract    0500     in Chicago IL,3639
G17003100501,1930,Illinois,17,Cook,031,"",0501,"",Tract    0501     in Chicago IL,5865
G17003100502,1930,Illinois,17,Cook,031,"",0502,"",Tract    0502     in Chicago IL,1277
G17003100503,1930,Illinois,17,Cook,031,"",0503,"",Tract    0503     in Chicago IL,41
G17003100504,1930,Illinois,17,Cook,031,"",0504,"",Tract    0504     in Chicago IL,156
G17003100505,1930,Illinois,17,Cook,031,"",0505,"",Tract    0505     in Chicago IL,8667
G17003100506,1930,Illinois,17,Cook,031,"",0506,"",Tract    0506     in Chicago IL,6407
G17003100507,1930,Illinois,17,Cook,031,"",0507,"",Tract    0507     in Chicago IL,601
G17003100508,1930,Illinois,17,Cook,031,"",0508,"",Tract    0508     in Chicago IL,9320
G17003100509,1930,Illinois,17,Cook,031,"",0509,"",Tract    0509     in Chicago IL,7711
G17003100510,1930,Illinois,17,Cook,031,"",0510,"",Tract    0510     in Chicago IL,3926
G17003100511,1930,Illinois,17,Cook,031,"",0511,"",Tract    0511     in Chicago IL,686
G17003100512,1930,Illinois,17,Cook,031,"",0512,"",Tract    0512     in Chicago IL,6
G17003100513,1930,Illinois,17,Cook,031,"",0513,"",Tract    0513     in Chicago IL,252
G17003100514,1930,Illinois,17,Cook,031,"",0514,"",Tract    0514     in Chicago IL,2659
G17003100515,1930,Illinois,17,Cook,031,"",0515,"",Tract    0515     in Chicago IL,862
G17003100516,1930,Illinois,17,Cook,031,"",0516,"",Tract    0516     in Chicago IL,3386
G17003100517,1930,Illinois,17,Cook,031,"",0517,"",Tract    0517     in Chicago IL,4981
G17003100518,1930,Illinois,17,Cook,031,"",0518,"",Tract    0518     in Chicago IL,56
G17003100519,1930,Illinois,17,Cook,031,"",0519,"",Tract    0519     in Chicago IL,2239
G17003100520,1930,Illinois,17,Cook,031,"",0520,"",Tract    0520     in Chicago IL,1236
G17003100521,1930,Illinois,17,Cook,031,"",0521,"",Tract    0521     in Chicago IL,874
G17003100522,1930,Illinois,17,Cook,031,"",0522,"",Tract    0522     in Chicago IL,1030
G17003100523,1930,Illinois,17,Cook,031,"",0523,"",Tract    0523     in Chicago IL,778
G17003100524,1930,Illinois,17,Cook,031,"",0524,"",Tract    0524     in Chicago IL,6665
G17003100525,1930,Illinois,17,Cook,031,"",0525,"",Tract    0525     in Chicago IL,517
G17003100526,1930,Illinois,17,Cook,031,"",0526,"",Tract    0526     in Chicago IL,2068
G17003100527,1930,Illinois,17,Cook,031,"",0527,"",Tract    0527     in Chicago IL,1763
G17003100528,1930,Illinois,17,Cook,031,"",0528,"",Tract    0528     in Chicago IL,1136
G17003100529,1930,Illinois,17,Cook,031,"",0529,"",Tract    0529     in Chicago IL,145
G17003100530,1930,Illinois,17,Cook,031,"",0530,"",Tract    0530     in Chicago IL,439
G17003100531,1930,Illinois,17,Cook,031,"",0531,"",Tract    0531     in Chicago IL,221
G17003100532,1930,Illinois,17,Cook,031,"",0532,"",Tract    0532     in Chicago IL,916
G17003100533,1930,Illinois,17,Cook,031,"",0533,"",Tract    0533     in Chicago IL,684
G17003100534,1930,Illinois,17,Cook,031,"",0534,"",Tract    0534     in Chicago IL,1805
G17003100535,1930,Illinois,17,Cook,031,"",0535,"",Tract    0535     in Chicago IL,1315
G17003100536,1930,Illinois,17,Cook,031,"",0536,"",Tract    0536     in Chicago IL,493
G17003100537,1930,Illinois,17,Cook,031,"",0537,"",Tract    0537     in Chicago IL,484
G17003100538,1930,Illinois,17,Cook,031,"",0538,"",Tract    0538     in Chicago IL,2021
G17003100539,1930,Illinois,17,Cook,031,"",0539,"",Tract    0539     in Chicago IL,2465
G17003100540,1930,Illinois,17,Cook,031,"",0540,"",Tract    0540     in Chicago IL,512
G17003100541,1930,Illinois,17,Cook,031,"",0541,"",Tract    0541     in Chicago IL,1617
G17003100542,1930,Illinois,17,Cook,031,"",0542,"",Tract    0542     in Chicago IL,2913
G17003100543,1930,Illinois,17,Cook,031,"",0543,"",Tract    0543     in Chicago IL,2830
G17003100544,1930,Illinois,17,Cook,031,"",0544,"",Tract    0544     in Chicago IL,820
G17003100545,1930,Illinois,17,Cook,031,"",0545,"",Tract    0545     in Chicago IL,701
G17003100546,1930,Illinois,17,Cook,031,"",0546,"",Tract    0546     in Chicago IL,1445
G17003100547,1930,Illinois,17,Cook,031,"",0547,"",Tract    0547     in Chicago IL,4036
G17003100548,1930,Illinois,17,Cook,031,"",0548,"",Tract    0548     in Chicago IL,3414
G17003100549,1930,Illinois,17,Cook,031,"",0549,"",Tract    0549     in Chicago IL,3339
G17003100550,1930,Illinois,17,Cook,031,"",0550,"",Tract    0550     in Chicago IL,1340
G17003100551,1930,Illinois,17,Cook,031,"",0551,"",Tract    0551     in Chicago IL,481
G17003100552,1930,Illinois,17,Cook,031,"",0552,"",Tract    0552     in Chicago IL,3614
G17003100553,1930,Illinois,17,Cook,031,"",0553,"",Tract    0553     in Chicago IL,4870
G17003100554,1930,Illinois,17,Cook,031,"",0554,"",Tract    0554     in Chicago IL,4596
G17003100555,1930,Illinois,17,Cook,031,"",0555,"",Tract    0555     in Chicago IL,3721
G17003100556,1930,Illinois,17,Cook,031,"",0556,"",Tract    0556     in Chicago IL,1351
G17003100557,1930,Illinois,17,Cook,031,"",0557,"",Tract    0557     in Chicago IL,6220
G17003100558,1930,Illinois,17,Cook,031,"",0558,"",Tract    0558     in Chicago IL,1119
G17003100559,1930,Illinois,17,Cook,031,"",0559,"",Tract    0559     in Chicago IL,4139
G17003100560,1930,Illinois,17,Cook,031,"",0560,"",Tract    0560     in Chicago IL,3057
G17003100561,1930,Illinois,17,Cook,031,"",0561,"",Tract    0561     in Chicago IL,3076
G17003100562,1930,Illinois,17,Cook,031,"",0562,"",Tract    0562     in Chicago IL,3571
G17003100563,1930,Illinois,17,Cook,031,"",0563,"",Tract    0563     in Chicago IL,654
G17003100564,1930,Illinois,17,Cook,031,"",0564,"",Tract    0564     in Chicago IL,1519
G17003100565,1930,Illinois,17,Cook,031,"",0565,"",Tract    0565     in Chicago IL,3215
G17003100566,1930,Illinois,17,Cook,031,"",0566,"",Tract    0566     in Chicago IL,812
G17003100567,1930,Illinois,17,Cook,031,"",0567,"",Tract    0567     in Chicago IL,2619
G17003100568,1930,Illinois,17,Cook,031,"",0568,"",Tract    0568     in Chicago IL,5
G17003100569,1930,Illinois,17,Cook,031,"",0569,"",Tract    0569     in Chicago IL,3584
G17003100570,1930,Illinois,17,Cook,031,"",0570,"",Tract    0570     in Chicago IL,1136
G17003100571,1930,Illinois,17,Cook,031,"",0571,"",Tract    0571     in Chicago IL,408
G17003100572,1930,Illinois,17,Cook,031,"",0572,"",Tract    0572     in Chicago IL,485
G17003100573,1930,Illinois,17,Cook,031,"",0573,"",Tract    0573     in Chicago IL,1220
G17003100574,1930,Illinois,17,Cook,031,"",0574,"",Tract    0574     in Chicago IL,3222
G17003100575,1930,Illinois,17,Cook,031,"",0575,"",Tract    0575     in Chicago IL,7815
G17003100576,1930,Illinois,17,Cook,031,"",0576,"",Tract    0576     in Chicago IL,4699
G17003100577,1930,Illinois,17,Cook,031,"",0577,"",Tract    0577     in Chicago IL,5557
G17003100578,1930,Illinois,17,Cook,031,"",0578,"",Tract    0578     in Chicago IL,3666
G17003100579,1930,Illinois,17,Cook,031,"",0579,"",Tract    0579     in Chicago IL,1564
G17003100580,1930,Illinois,17,Cook,031,"",0580,"",Tract    0580     in Chicago IL,1116
G17003100581,1930,Illinois,17,Cook,031,"",0581,"",Tract    0581     in Chicago IL,4219
G17003100582,1930,Illinois,17,Cook,031,"",0582,"",Tract    0582     in Chicago IL,6299
G17003100583,1930,Illinois,17,Cook,031,"",0583,"",Tract    0583     in Chicago IL,6345
G17003100584,1930,Illinois,17,Cook,031,"",0584,"",Tract    0584     in Chicago IL,4549
G17003100585,1930,Illinois,17,Cook,031,"",0585,"",Tract    0585     in Chicago IL,3195
G17003100586,1930,Illinois,17,Cook,031,"",0586,"",Tract    0586     in Chicago IL,6888
G17003100587,1930,Illinois,17,Cook,031,"",0587,"",Tract    0587     in Chicago IL,4971
G17003100588,1930,Illinois,17,Cook,031,"",0588,"",Tract    0588     in Chicago IL,1245
G17003100589,1930,Illinois,17,Cook,031,"",0589,"",Tract    0589     in Chicago IL,5619
G17003100590,1930,Illinois,17,Cook,031,"",0590,"",Tract    0590     in Chicago IL,1332
G17003100591,1930,Illinois,17,Cook,031,"",0591,"",Tract    0591     in Chicago IL,8127
G17003100592,1930,Illinois,17,Cook,031,"",0592,"",Tract    0592     in Chicago IL,5357
G17003100593,1930,Illinois,17,Cook,031,"",0593,"",Tract    0593     in Chicago IL,4464
G17003100594,1930,Illinois,17,Cook,031,"",0594,"",Tract    0594     in Chicago IL,4622
G17003100595,1930,Illinois,17,Cook,031,"",0595,"",Tract    0595     in Chicago IL,4832
G17003100596,1930,Illinois,17,Cook,031,"",0596,"",Tract    0596     in Chicago IL,3683
G17003100597,1930,Illinois,17,Cook,031,"",0597,"",Tract    0597     in Chicago IL,2297
G17003100598,1930,Illinois,17,Cook,031,"",0598,"",Tract    0598     in Chicago IL,3105
G17003100599,1930,Illinois,17,Cook,031,"",0599,"",Tract    0599     in Chicago IL,3939
G17003100600,1930,Illinois,17,Cook,031,"",0600,"",Tract    0600     in Chicago IL,2601
G17003100601,1930,Illinois,17,Cook,031,"",0601,"",Tract    0601     in Chicago IL,6401
G17003100602,1930,Illinois,17,Cook,031,"",0602,"",Tract    0602     in Chicago IL,7275
G17003100603,1930,Illinois,17,Cook,031,"",0603,"",Tract    0603     in Chicago IL,5758
G17003100604,1930,Illinois,17,Cook,031,"",0604,"",Tract    0604     in Chicago IL,9192
G17003100605,1930,Illinois,17,Cook,031,"",0605,"",Tract    0605     in Chicago IL,3677
G17003100606,1930,Illinois,17,Cook,031,"",0606,"",Tract    0606     in Chicago IL,3468
G17003100607,1930,Illinois,17,Cook,031,"",0607,"",Tract    0607     in Chicago IL,5644
G17003100608,1930,Illinois,17,Cook,031,"",0608,"",Tract    0608     in Chicago IL,967
G17003100609,1930,Illinois,17,Cook,031,"",0609,"",Tract    0609     in Chicago IL,1298
G17003100610,1930,Illinois,17,Cook,031,"",0610,"",Tract    0610     in Chicago IL,1871
G17003100611,1930,Illinois,17,Cook,031,"",0611,"",Tract    0611     in Chicago IL,2662
G17003100612,1930,Illinois,17,Cook,031,"",0612,"",Tract    0612     in Chicago IL,4973
G17003100613,1930,Illinois,17,Cook,031,"",0613,"",Tract    0613     in Chicago IL,4356
G17003100614,1930,Illinois,17,Cook,031,"",0614,"",Tract    0614     in Chicago IL,5178
G17003100615,1930,Illinois,17,Cook,031,"",0615,"",Tract    0615     in Chicago IL,4486
G17003100616,1930,Illinois,17,Cook,031,"",0616,"",Tract    0616     in Chicago IL,5432
G17003100617,1930,Illinois,17,Cook,031,"",0617,"",Tract    0617     in Chicago IL,4131
G17003100618,1930,Illinois,17,Cook,031,"",0618,"",Tract    0618     in Chicago IL,1546
G17003100619,1930,Illinois,17,Cook,031,"",0619,"",Tract    0619     in Chicago IL,3019
G17003100620,1930,Illinois,17,Cook,031,"",0620,"",Tract    0620     in Chicago IL,4182
G17003100621,1930,Illinois,17,Cook,031,"",0621,"",Tract    0621     in Chicago IL,3044
G17003100622,1930,Illinois,17,Cook,031,"",0622,"",Tract    0622     in Chicago IL,872
G17003100623,1930,Illinois,17,Cook,031,"",0623,"",Tract    0623     in Chicago IL,4920
G17003100624,1930,Illinois,17,Cook,031,"",0624,"",Tract    0624     in Chicago IL,3204
G17003100625,1930,Illinois,17,Cook,031,"",0625,"",Tract    0625     in Chicago IL,8689
G17003100626,1930,Illinois,17,Cook,031,"",0626,"",Tract    0626     in Chicago IL,3493
G17003100627,1930,Illinois,17,Cook,031,"",0627,"",Tract    0627     in Chicago IL,7272
G17003100628,1930,Illinois,17,Cook,031,"",0628,"",Tract    0628     in Chicago IL,4771
G17003100629,1930,Illinois,17,Cook,031,"",0629,"",Tract    0629     in Chicago IL,6228
G17003100630,1930,Illinois,17,Cook,031,"",0630,"",Tract    0630     in Chicago IL,6295
G17003100631,1930,Illinois,17,Cook,031,"",0631,"",Tract    0631     in Chicago IL,6589
G17003100632,1930,Illinois,17,Cook,031,"",0632,"",Tract    0632     in Chicago IL,4312
G17003100633,1930,Illinois,17,Cook,031,"",0633,"",Tract    0633     in Chicago IL,8043
G17003100634,1930,Illinois,17,Cook,031,"",0634,"",Tract    0634     in Chicago IL,2236
G17003100635,1930,Illinois,17,Cook,031,"",0635,"",Tract    0635     in Chicago IL,8129
G17003100636,1930,Illinois,17,Cook,031,"",0636,"",Tract    0636     in Chicago IL,12779
G17003100637,1930,Illinois,17,Cook,031,"",0637,"",Tract    0637     in Chicago IL,2132
G17003100638,1930,Illinois,17,Cook,031,"",0638,"",Tract    0638     in Chicago IL,2950
G17003100639,1930,Illinois,17,Cook,031,"",0639,"",Tract    0639     in Chicago IL,6130
G17003100640,1930,Illinois,17,Cook,031,"",0640,"",Tract    0640     in Chicago IL,2258
G17003100641,1930,Illinois,17,Cook,031,"",0641,"",Tract    0641     in Chicago IL,2694
G17003100642,1930,Illinois,17,Cook,031,"",0642,"",Tract    0642     in Chicago IL,19005
G17003100643,1930,Illinois,17,Cook,031,"",0643,"",Tract    0643     in Chicago IL,3651
G17003100644,1930,Illinois,17,Cook,031,"",0644,"",Tract    0644     in Chicago IL,6409
G17003100645,1930,Illinois,17,Cook,031,"",0645,"",Tract    0645     in Chicago IL,5595
G17003100646,1930,Illinois,17,Cook,031,"",0646,"",Tract    0646     in Chicago IL,4838
G17003100647,1930,Illinois,17,Cook,031,"",0647,"",Tract    0647     in Chicago IL,2185
G17003100648,1930,Illinois,17,Cook,031,"",0648,"",Tract    0648     in Chicago IL,3815
G17003100649,1930,Illinois,17,Cook,031,"",0649,"",Tract    0649     in Chicago IL,9853
G17003100650,1930,Illinois,17,Cook,031,"",0650,"",Tract    0650     in Chicago IL,9513
G17003100651,1930,Illinois,17,Cook,031,"",0651,"",Tract    0651     in Chicago IL,557
G17003100652,1930,Illinois,17,Cook,031,"",0652,"",Tract    0652     in Chicago IL,1933
G17003100653,1930,Illinois,17,Cook,031,"",0653,"",Tract    0653     in Chicago IL,862
G17003100654,1930,Illinois,17,Cook,031,"",0654,"",Tract    0654     in Chicago IL,2
G17003100655,1930,Illinois,17,Cook,031,"",0655,"",Tract    0655     in Chicago IL,3
G17003100656,1930,Illinois,17,Cook,031,"",0656,"",Tract    0656     in Chicago IL,4396
G17003100657,1930,Illinois,17,Cook,031,"",0657,"",Tract    0657     in Chicago IL,4419
G17003100658,1930,Illinois,17,Cook,031,"",0658,"",Tract    0658     in Chicago IL,875
G17003100659,1930,Illinois,17,Cook,031,"",0659,"",Tract    0659     in Chicago IL,3643
G17003100660,1930,Illinois,17,Cook,031,"",0660,"",Tract    0660     in Chicago IL,601
G17003100661,1930,Illinois,17,Cook,031,"",0661,"",Tract    0661     in Chicago IL,5779
G17003100662,1930,Illinois,17,Cook,031,"",0662,"",Tract    0662     in Chicago IL,7265
G17003100663,1930,Illinois,17,Cook,031,"",0663,"",Tract    0663     in Chicago IL,3972
G17003100664,1930,Illinois,17,Cook,031,"",0664,"",Tract    0664     in Chicago IL,12203
G17003100665,1930,Illinois,17,Cook,031,"",0665,"",Tract    0665     in Chicago IL,6207
G17003100666,1930,Illinois,17,Cook,031,"",0666,"",Tract    0666     in Chicago IL,7516
G17003100667,1930,Illinois,17,Cook,031,"",0667,"",Tract    0667     in Chicago IL,6126
G17003100668,1930,Illinois,17,Cook,031,"",0668,"",Tract    0668     in Chicago IL,2347
G17003100669,1930,Illinois,17,Cook,031,"",0669,"",Tract    0669     in Chicago IL,3801
G17003100670,1930,Illinois,17,Cook,031,"",0670,"",Tract    0670     in Chicago IL,3433
G17003100671,1930,Illinois,17,Cook,031,"",0671,"",Tract    0671     in Chicago IL,3813
G17003100672,1930,Illinois,17,Cook,031,"",0672,"",Tract    0672     in Chicago IL,0
G17003100673,1930,Illinois,17,Cook,031,"",0673,"",Tract    0673     in Chicago IL,3483
G17003100674,1930,Illinois,17,Cook,031,"",0674,"",Tract    0674     in Chicago IL,0
G17003100675,1930,Illinois,17,Cook,031,"",0675,"",Tract    0675     in Chicago IL,227
G17003100676,1930,Illinois,17,Cook,031,"",0676,"",Tract    0676     in Chicago IL,784
G17003100677,1930,Illinois,17,Cook,031,"",0677,"",Tract    0677     in Chicago IL,1396
G17003100678,1930,Illinois,17,Cook,031,"",0678,"",Tract    0678     in Chicago IL,1737
G17003100679,1930,Illinois,17,Cook,031,"",0679,"",Tract    0679     in Chicago IL,2820
G17003100680,1930,Illinois,17,Cook,031,"",0680,"",Tract    0680     in Chicago IL,379
G17003100681,1930,Illinois,17,Cook,031,"",0681,"",Tract    0681     in Chicago IL,794
G17003100682,1930,Illinois,17,Cook,031,"",0682,"",Tract    0682     in Chicago IL,725
G17003100683,1930,Illinois,17,Cook,031,"",0683,"",Tract    0683     in Chicago IL,454
G17003100684,1930,Illinois,17,Cook,031,"",0684,"",Tract    0684     in Chicago IL,2
G17003100685,1930,Illinois,17,Cook,031,"",0685,"",Tract    0685     in Chicago IL,608
G17003100686,1930,Illinois,17,Cook,031,"",0686,"",Tract    0686     in Chicago IL,223
G17003100687,1930,Illinois,17,Cook,031,"",0687,"",Tract    0687     in Chicago IL,2854
G17003100688,1930,Illinois,17,Cook,031,"",0688,"",Tract    0688     in Chicago IL,8464
G17003100689,1930,Illinois,17,Cook,031,"",0689,"",Tract    0689     in Chicago IL,5758
G17003100690,1930,Illinois,17,Cook,031,"",0690,"",Tract    0690     in Chicago IL,2596
G17003100691,1930,Illinois,17,Cook,031,"",0691,"",Tract    0691     in Chicago IL,9565
G17003100692,1930,Illinois,17,Cook,031,"",0692,"",Tract    0692     in Chicago IL,4770
G17003100693,1930,Illinois,17,Cook,031,"",0693,"",Tract    0693     in Chicago IL,2532
G17003100694,1930,Illinois,17,Cook,031,"",0694,"",Tract    0694     in Chicago IL,2572
G17003100695,1930,Illinois,17,Cook,031,"",0695,"",Tract    0695     in Chicago IL,1289
G17003100696,1930,Illinois,17,Cook,031,"",0696,"",Tract    0696     in Chicago IL,0
G17003100697,1930,Illinois,17,Cook,031,"",0697,"",Tract    0697     in Chicago IL,301
G17003100698,1930,Illinois,17,Cook,031,"",0698,"",Tract    0698     in Chicago IL,2228
G17003100699,1930,Illinois,17,Cook,031,"",0699,"",Tract    0699     in Chicago IL,4176
G17003100700,1930,Illinois,17,Cook,031,"",0700,"",Tract    0700     in Chicago IL,159
G17003100701,1930,Illinois,17,Cook,031,"",0701,"",Tract    0701     in Chicago IL,3452
G17003100702,1930,Illinois,17,Cook,031,"",0702,"",Tract    0702     in Chicago IL,58
G17003100703,1930,Illinois,17,Cook,031,"",0703,"",Tract    0703     in Chicago IL,3641
G17003100704,1930,Illinois,17,Cook,031,"",0704,"",Tract    0704     in Chicago IL,588
G17003100705,1930,Illinois,17,Cook,031,"",0705,"",Tract    0705     in Chicago IL,2637
G17003100706,1930,Illinois,17,Cook,031,"",0706,"",Tract    0706     in Chicago IL,4924
G17003100707,1930,Illinois,17,Cook,031,"",0707,"",Tract    0707     in Chicago IL,4326
G17003100708,1930,Illinois,17,Cook,031,"",0708,"",Tract    0708     in Chicago IL,3956
G17003100709,1930,Illinois,17,Cook,031,"",0709,"",Tract    0709     in Chicago IL,513
G17003100710,1930,Illinois,17,Cook,031,"",0710,"",Tract    0710     in Chicago IL,483
G17003100711,1930,Illinois,17,Cook,031,"",0711,"",Tract    0711     in Chicago IL,2089
G17003100712,1930,Illinois,17,Cook,031,"",0712,"",Tract    0712     in Chicago IL,5257
G17003100713,1930,Illinois,17,Cook,031,"",0713,"",Tract    0713     in Chicago IL,2594
G17003100714,1930,Illinois,17,Cook,031,"",0714,"",Tract    0714     in Chicago IL,8949
G17003100715,1930,Illinois,17,Cook,031,"",0715,"",Tract    0715     in Chicago IL,9585
G17003100716,1930,Illinois,17,Cook,031,"",0716,"",Tract    0716     in Chicago IL,0
G17003100717,1930,Illinois,17,Cook,031,"",0717,"",Tract    0717     in Chicago IL,1486
G17003100718,1930,Illinois,17,Cook,031,"",0718,"",Tract    0718     in Chicago IL,7118
G17003100719,1930,Illinois,17,Cook,031,"",0719,"",Tract    0719     in Chicago IL,772
G17003100720,1930,Illinois,17,Cook,031,"",0720,"",Tract    0720     in Chicago IL,204
G17003100721,1930,Illinois,17,Cook,031,"",0721,"",Tract    0721     in Chicago IL,114
G17003100722,1930,Illinois,17,Cook,031,"",0722,"",Tract    0722     in Chicago IL,13
G17003100723,1930,Illinois,17,Cook,031,"",0723,"",Tract    0723     in Chicago IL,0
G17003100724,1930,Illinois,17,Cook,031,"",0724,"",Tract    0724     in Chicago IL,0
G17003100725,1930,Illinois,17,Cook,031,"",0725,"",Tract    0725     in Chicago IL,775
G17003100726,1930,Illinois,17,Cook,031,"",0726,"",Tract    0726     in Chicago IL,822
G17003100727,1930,Illinois,17,Cook,031,"",0727,"",Tract    0727     in Chicago IL,1424
G17003100728,1930,Illinois,17,Cook,031,"",0728,"",Tract    0728     in Chicago IL,553
G17003100729,1930,Illinois,17,Cook,031,"",0729,"",Tract    0729     in Chicago IL,1515
G17003100730,1930,Illinois,17,Cook,031,"",0730,"",Tract    0730     in Chicago IL,53
G17003100731,1930,Illinois,17,Cook,031,"",0731,"",Tract    0731     in Chicago IL,0
G17003100732,1930,Illinois,17,Cook,031,"",0732,"",Tract    0732     in Chicago IL,571
G17003100733,1930,Illinois,17,Cook,031,"",0733,"",Tract    0733     in Chicago IL,6
G17003100734,1930,Illinois,17,Cook,031,"",0734,"",Tract    0734     in Chicago IL,705
G17003100735,1930,Illinois,17,Cook,031,"",0735,"",Tract    0735     in Chicago IL,1510
G17003100736,1930,Illinois,17,Cook,031,"",0736,"",Tract    0736     in Chicago IL,559
G17003100737,1930,Illinois,17,Cook,031,"",0737,"",Tract    0737     in Chicago IL,4272
G17003100738,1930,Illinois,17,Cook,031,"",0738,"",Tract    0738     in Chicago IL,1074
G17003100739,1930,Illinois,17,Cook,031,"",0739,"",Tract    0739     in Chicago IL,3119
G17003100740,1930,Illinois,17,Cook,031,"",0740,"",Tract    0740     in Chicago IL,3714
G17003100741,1930,Illinois,17,Cook,031,"",0741,"",Tract    0741     in Chicago IL,2580
G17003100742,1930,Illinois,17,Cook,031,"",0742,"",Tract    0742     in Chicago IL,1682
G17003100743,1930,Illinois,17,Cook,031,"",0743,"",Tract    0743     in Chicago IL,2175
G17003100744,1930,Illinois,17,Cook,031,"",0744,"",Tract    0744     in Chicago IL,0
G17003100745,1930,Illinois,17,Cook,031,"",0745,"",Tract    0745     in Chicago IL,11417
G17003100746,1930,Illinois,17,Cook,031,"",0746,"",Tract    0746     in Chicago IL,6899
G17003100747,1930,Illinois,17,Cook,031,"",0747,"",Tract    0747     in Chicago IL,5794
G17003100748,1930,Illinois,17,Cook,031,"",0748,"",Tract    0748     in Chicago IL,5873
G17003100749,1930,Illinois,17,Cook,031,"",0749,"",Tract    0749     in Chicago IL,2215
G17003100750,1930,Illinois,17,Cook,031,"",0750,"",Tract    0750     in Chicago IL,1079
G17003100751,1930,Illinois,17,Cook,031,"",0751,"",Tract    0751     in Chicago IL,5
G17003100752,1930,Illinois,17,Cook,031,"",0752,"",Tract    0752     in Chicago IL,4247
G17003100753,1930,Illinois,17,Cook,031,"",0753,"",Tract    0753     in Chicago IL,544
G17003100754,1930,Illinois,17,Cook,031,"",0754,"",Tract    0754     in Chicago IL,5400
G17003100755,1930,Illinois,17,Cook,031,"",0755,"",Tract    0755     in Chicago IL,5451
G17003100756,1930,Illinois,17,Cook,031,"",0756,"",Tract    0756     in Chicago IL,1416
G17003100757,1930,Illinois,17,Cook,031,"",0757,"",Tract    0757     in Chicago IL,727
G17003100758,1930,Illinois,17,Cook,031,"",0758,"",Tract    0758     in Chicago IL,3360
G17003100759,1930,Illinois,17,Cook,031,"",0759,"",Tract    0759     in Chicago IL,887
G17003100760,1930,Illinois,17,Cook,031,"",0760,"",Tract    0760     in Chicago IL,1585
G17003100761,1930,Illinois,17,Cook,031,"",0761,"",Tract    0761     in Chicago IL,2391
G17003100762,1930,Illinois,17,Cook,031,"",0762,"",Tract    0762     in Chicago IL,2485
G17003100763,1930,Illinois,17,Cook,031,"",0763,"",Tract    0763     in Chicago IL,292
G17003100764,1930,Illinois,17,Cook,031,"",0764,"",Tract    0764     in Chicago IL,928
G17003100765,1930,Illinois,17,Cook,031,"",0765,"",Tract    0765     in Chicago IL,5665
G17003100766,1930,Illinois,17,Cook,031,"",0766,"",Tract    0766     in Chicago IL,268
G17003100767,1930,Illinois,17,Cook,031,"",0767,"",Tract    0767     in Chicago IL,2766
G17003100768,1930,Illinois,17,Cook,031,"",0768,"",Tract    0768     in Chicago IL,5301
G17003100769,1930,Illinois,17,Cook,031,"",0769,"",Tract    0769     in Chicago IL,4551
G17003100770,1930,Illinois,17,Cook,031,"",0770,"",Tract    0770     in Chicago IL,6497
G17003100771,1930,Illinois,17,Cook,031,"",0771,"",Tract    0771     in Chicago IL,6677
G17003100772,1930,Illinois,17,Cook,031,"",0772,"",Tract    0772     in Chicago IL,732
G17003100773,1930,Illinois,17,Cook,031,"",0773,"",Tract    0773     in Chicago IL,2869
G17003100774,1930,Illinois,17,Cook,031,"",0774,"",Tract    0774     in Chicago IL,537
G17003100775,1930,Illinois,17,Cook,031,"",0775,"",Tract    0775     in Chicago IL,115
G17003100776,1930,Illinois,17,Cook,031,"",0776,"",Tract    0776     in Chicago IL,576
G17003100777,1930,Illinois,17,Cook,031,"",0777,"",Tract    0777     in Chicago IL,1249
G17003100778,1930,Illinois,17,Cook,031,"",0778,"",Tract    0778     in Chicago IL,429
G17003100779,1930,Illinois,17,Cook,031,"",0779,"",Tract    0779     in Chicago IL,1509
G17003100780,1930,Illinois,17,Cook,031,"",0780,"",Tract    0780     in Chicago IL,5338
G17003100781,1930,Illinois,17,Cook,031,"",0781,"",Tract    0781     in Chicago IL,793
G17003100782,1930,Illinois,17,Cook,031,"",0782,"",Tract    0782     in Chicago IL,8422
G17003100783,1930,Illinois,17,Cook,031,"",0783,"",Tract    0783     in Chicago IL,3738
G17003100784,1930,Illinois,17,Cook,031,"",0784,"",Tract    0784     in Chicago IL,64
G17003100785,1930,Illinois,17,Cook,031,"",0785,"",Tract    0785     in Chicago IL,1602
G17003100786,1930,Illinois,17,Cook,031,"",0786,"",Tract    0786     in Chicago IL,0
G17003100787,1930,Illinois,17,Cook,031,"",0787,"",Tract    0787     in Chicago IL,887
G17003100788,1930,Illinois,17,Cook,031,"",0788,"",Tract    0788     in Chicago IL,597
G17003100789,1930,Illinois,17,Cook,031,"",0789,"",Tract    0789     in Chicago IL,3633
G17003100790,1930,Illinois,17,Cook,031,"",0790,"",Tract    0790     in Chicago IL,5139
G17003100791,1930,Illinois,17,Cook,031,"",0791,"",Tract    0791     in Chicago IL,4959
G17003100792,1930,Illinois,17,Cook,031,"",0792,"",Tract    0792     in Chicago IL,5358
G17003100793,1930,Illinois,17,Cook,031,"",0793,"",Tract    0793     in Chicago IL,592
G17003100794,1930,Illinois,17,Cook,031,"",0794,"",Tract    0794     in Chicago IL,1178
G17003100795,1930,Illinois,17,Cook,031,"",0795,"",Tract    0795     in Chicago IL,319
G17003100796,1930,Illinois,17,Cook,031,"",0796,"",Tract    0796     in Chicago IL,685
G17003100797,1930,Illinois,17,Cook,031,"",0797,"",Tract    0797     in Chicago IL,4454
G17003100798,1930,Illinois,17,Cook,031,"",0798,"",Tract    0798     in Chicago IL,3159
G17003100799,1930,Illinois,17,Cook,031,"",0799,"",Tract    0799     in Chicago IL,6287
G17003100800,1930,Illinois,17,Cook,031,"",0800,"",Tract    0800     in Chicago IL,2463
G17003100801,1930,Illinois,17,Cook,031,"",0801,"",Tract    0801     in Chicago IL,2369
G17003100802,1930,Illinois,17,Cook,031,"",0802,"",Tract    0802     in Chicago IL,989
G17003100803,1930,Illinois,17,Cook,031,"",0803,"",Tract    0803     in Chicago IL,4454
G17003100804,1930,Illinois,17,Cook,031,"",0804,"",Tract    0804     in Chicago IL,4613
G17003100805,1930,Illinois,17,Cook,031,"",0805,"",Tract    0805     in Chicago IL,3692
G17003100806,1930,Illinois,17,Cook,031,"",0806,"",Tract    0806     in Chicago IL,2579
G17003100807,1930,Illinois,17,Cook,031,"",0807,"",Tract    0807     in Chicago IL,4741
G17003100808,1930,Illinois,17,Cook,031,"",0808,"",Tract    0808     in Chicago IL,4687
G17003100809,1930,Illinois,17,Cook,031,"",0809,"",Tract    0809     in Chicago IL,5443
G17003100810,1930,Illinois,17,Cook,031,"",0810,"",Tract    0810     in Chicago IL,46
G17003100811,1930,Illinois,17,Cook,031,"",0811,"",Tract    0811     in Chicago IL,232
G17003100812,1930,Illinois,17,Cook,031,"",0812,"",Tract    0812     in Chicago IL,821
G17003100813,1930,Illinois,17,Cook,031,"",0813,"",Tract    0813     in Chicago IL,1287
G17003100814,1930,Illinois,17,Cook,031,"",0814,"",Tract    0814     in Chicago IL,475
G17003100815,1930,Illinois,17,Cook,031,"",0815,"",Tract    0815     in Chicago IL,156
G17003100816,1930,Illinois,17,Cook,031,"",0816,"",Tract    0816     in Chicago IL,1052
G17003100817,1930,Illinois,17,Cook,031,"",0817,"",Tract    0817     in Chicago IL,835
G17003100818,1930,Illinois,17,Cook,031,"",0818,"",Tract    0818     in Chicago IL,674
G17003100819,1930,Illinois,17,Cook,031,"",0819,"",Tract    0819     in Chicago IL,3523
G17003100820,1930,Illinois,17,Cook,031,"",0820,"",Tract    0820     in Chicago IL,4139
G17003100821,1930,Illinois,17,Cook,031,"",0821,"",Tract    0821     in Chicago IL,5481
G17003100822,1930,Illinois,17,Cook,031,"",0822,"",Tract    0822     in Chicago IL,5251
G17003100823,1930,Illinois,17,Cook,031,"",0823,"",Tract    0823     in Chicago IL,5314
G17003100824,1930,Illinois,17,Cook,031,"",0824,"",Tract    0824     in Chicago IL,4402
G17003100825,1930,Illinois,17,Cook,031,"",0825,"",Tract    0825     in Chicago IL,326
G17003100826,1930,Illinois,17,Cook,031,"",0826,"",Tract    0826     in Chicago IL,382
G17003100827,1930,Illinois,17,Cook,031,"",0827,"",Tract    0827     in Chicago IL,115
G17003100828,1930,Illinois,17,Cook,031,"",0828,"",Tract    0828     in Chicago IL,79
G17003100829,1930,Illinois,17,Cook,031,"",0829,"",Tract    0829     in Chicago IL,2061
G17003100830,1930,Illinois,17,Cook,031,"",0830,"",Tract    0830     in Chicago IL,1231
G17003100831,1930,Illinois,17,Cook,031,"",0831,"",Tract    0831     in Chicago IL,701
G17003100832,1930,Illinois,17,Cook,031,"",0832,"",Tract    0832     in Chicago IL,654
G17003100833,1930,Illinois,17,Cook,031,"",0833,"",Tract    0833     in Chicago IL,25
G17003100834,1930,Illinois,17,Cook,031,"",0834,"",Tract    0834     in Chicago IL,568
G17003100835,1930,Illinois,17,Cook,031,"",0835,"",Tract    0835     in Chicago IL,2667
G17003100836,1930,Illinois,17,Cook,031,"",0836,"",Tract    0836     in Chicago IL,3108
G17003100837,1930,Illinois,17,Cook,031,"",0837,"",Tract    0837     in Chicago IL,2810
G17003100838,1930,Illinois,17,Cook,031,"",0838,"",Tract    0838     in Chicago IL,334
G17003100839,1930,Illinois,17,Cook,031,"",0839,"",Tract    0839     in Chicago IL,4268
G17003100840,1930,Illinois,17,Cook,031,"",0840,"",Tract    0840     in Chicago IL,4318
G17003100841,1930,Illinois,17,Cook,031,"",0841,"",Tract    0841     in Chicago IL,6530
G17003100842,1930,Illinois,17,Cook,031,"",0842,"",Tract    0842     in Chicago IL,7346
G17003100843,1930,Illinois,17,Cook,031,"",0843,"",Tract    0843     in Chicago IL,6594
G17003100844,1930,Illinois,17,Cook,031,"",0844,"",Tract    0844     in Chicago IL,245
G17003100845,1930,Illinois,17,Cook,031,"",0845,"",Tract    0845     in Chicago IL,2443
G17003100846,1930,Illinois,17,Cook,031,"",0846,"",Tract    0846     in Chicago IL,10843
G17003100847,1930,Illinois,17,Cook,031,"",0847,"",Tract    0847     in Chicago IL,4875
G17003100848,1930,Illinois,17,Cook,031,"",0848,"",Tract    0848     in Chicago IL,1388
G17003100849,1930,Illinois,17,Cook,031,"",0849,"",Tract    0849     in Chicago IL,274
G17003100850,1930,Illinois,17,Cook,031,"",0850,"",Tract    0850     in Chicago IL,2426
G17003100851,1930,Illinois,17,Cook,031,"",0851,"",Tract    0851     in Chicago IL,4510
G17003100852,1930,Illinois,17,Cook,031,"",0852,"",Tract    0852     in Chicago IL,2909
G17003100853,1930,Illinois,17,Cook,031,"",0853,"",Tract    0853     in Chicago IL,2849
G17003100854,1930,Illinois,17,Cook,031,"",0854,"",Tract    0854     in Chicago IL,3581
G17003100855,1930,Illinois,17,Cook,031,"",0855,"",Tract    0855     in Chicago IL,3652
G17003100856,1930,Illinois,17,Cook,031,"",0856,"",Tract    0856     in Chicago IL,2966
G17003100857,1930,Illinois,17,Cook,031,"",0857,"",Tract    0857     in Chicago IL,3604
G17003100858,1930,Illinois,17,Cook,031,"",0858,"",Tract    0858     in Chicago IL,3282
G17003100859,1930,Illinois,17,Cook,031,"",0859,"",Tract    0859     in Chicago IL,2954
G17003100860,1930,Illinois,17,Cook,031,"",0860,"",Tract    0860     in Chicago IL,3424
G17003100861,1930,Illinois,17,Cook,031,"",0861,"",Tract    0861     in Chicago IL,3170
G17003100862,1930,Illinois,17,Cook,031,"",0862,"",Tract    0862     in Chicago IL,731
G17003100863,1930,Illinois,17,Cook,031,"",0863,"",Tract    0863     in Chicago IL,879
G17003100864,1930,Illinois,17,Cook,031,"",0864,"",Tract    0864     in Chicago IL,1046
G17003100865,1930,Illinois,17,Cook,031,"",0865,"",Tract    0865     in Chicago IL,5103
G17003100866,1930,Illinois,17,Cook,031,"",0866,"",Tract    0866     in Chicago IL,3607
G17003100867,1930,Illinois,17,Cook,031,"",0867,"",Tract    0867     in Chicago IL,3478
G17003100868,1930,Illinois,17,Cook,031,"",0868,"",Tract    0868     in Chicago IL,3533
G17003100869,1930,Illinois,17,Cook,031,"",0869,"",Tract    0869     in Chicago IL,1869
G17003100870,1930,Illinois,17,Cook,031,"",0870,"",Tract    0870     in Chicago IL,2610
G17003100871,1930,Illinois,17,Cook,031,"",0871,"",Tract    0871     in Chicago IL,4232
G17003100872,1930,Illinois,17,Cook,031,"",0872,"",Tract    0872     in Chicago IL,4755
G17003100873,1930,Illinois,17,Cook,031,"",0873,"",Tract    0873     in Chicago IL,4400
G17003100874,1930,Illinois,17,Cook,031,"",0874,"",Tract    0874     in Chicago IL,4536
G17003100875,1930,Illinois,17,Cook,031,"",0875,"",Tract    0875     in Chicago IL,3438
G17003100876,1930,Illinois,17,Cook,031,"",0876,"",Tract    0876     in Chicago IL,3708
G17003100877,1930,Illinois,17,Cook,031,"",0877,"",Tract    0877     in Chicago IL,12278
G17003100878,1930,Illinois,17,Cook,031,"",0878,"",Tract    0878     in Chicago IL,2291
G17003100879,1930,Illinois,17,Cook,031,"",0879,"",Tract    0879     in Chicago IL,7848
G17003100880,1930,Illinois,17,Cook,031,"",0880,"",Tract    0880     in Chicago IL,12816
G17003100881,1930,Illinois,17,Cook,031,"",0881,"",Tract    0881     in Chicago IL,8680
G17003100882,1930,Illinois,17,Cook,031,"",0882,"",Tract    0882     in Chicago IL,8407
G17003100883,1930,Illinois,17,Cook,031,"",0883,"",Tract    0883     in Chicago IL,6198
G17003100884,1930,Illinois,17,Cook,031,"",0884,"",Tract    0884     in Chicago IL,5476
G17003100885,1930,Illinois,17,Cook,031,"",0885,"",Tract    0885     in Chicago IL,6345
G17003100886,1930,Illinois,17,Cook,031,"",0886,"",Tract    0886     in Chicago IL,2489
G17003100887,1930,Illinois,17,Cook,031,"",0887,"",Tract    0887     in Chicago IL,997
G17003100888,1930,Illinois,17,Cook,031,"",0888,"",Tract    0888     in Chicago IL,4106
G17003100889,1930,Illinois,17,Cook,031,"",0889,"",Tract    0889     in Chicago IL,8097
G17003100890,1930,Illinois,17,Cook,031,"",0890,"",Tract    0890     in Chicago IL,4684
G17003100891,1930,Illinois,17,Cook,031,"",0891,"",Tract    0891     in Chicago IL,407
G17003100892,1930,Illinois,17,Cook,031,"",0892,"",Tract    0892     in Chicago IL,3605
G17003100893,1930,Illinois,17,Cook,031,"",0893,"",Tract    0893     in Chicago IL,6018
G17003100894,1930,Illinois,17,Cook,031,"",0894,"",Tract    0894     in Chicago IL,4038
G17003100895,1930,Illinois,17,Cook,031,"",0895,"",Tract    0895     in Chicago IL,1779
G17003100896,1930,Illinois,17,Cook,031,"",0896,"",Tract    0896     in Chicago IL,162
G17003100897,1930,Illinois,17,Cook,031,"",0897,"",Tract    0897     in Chicago IL,611
G17003100898,1930,Illinois,17,Cook,031,"",0898,"",Tract    0898     in Chicago IL,4797
G17003100899,1930,Illinois,17,Cook,031,"",0899,"",Tract    0899     in Chicago IL,7365
G17003100900,1930,Illinois,17,Cook,031,"",0900,"",Tract    0900     in Chicago IL,4507
G17003100901,1930,Illinois,17,Cook,031,"",0901,"",Tract    0901     in Chicago IL,73
G17003100902,1930,Illinois,17,Cook,031,"",0902,"",Tract    0902     in Chicago IL,660
G17003100903,1930,Illinois,17,Cook,031,"",0903,"",Tract    0903     in Chicago IL,6628
G17003100904,1930,Illinois,17,Cook,031,"",0904,"",Tract    0904     in Chicago IL,4958
G17003100905,1930,Illinois,17,Cook,031,"",0905,"",Tract    0905     in Chicago IL,4911
G17003100906,1930,Illinois,17,Cook,031,"",0906,"",Tract    0906     in Chicago IL,2700
G17003100907,1930,Illinois,17,Cook,031,"",0907,"",Tract    0907     in Chicago IL,1957
G17003100908,1930,Illinois,17,Cook,031,"",0908,"",Tract    0908     in Chicago IL,2378
G17003100909,1930,Illinois,17,Cook,031,"",0909,"",Tract    0909     in Chicago IL,2487
G17003100910,1930,Illinois,17,Cook,031,"",0910,"",Tract    0910     in Chicago IL,1947
G17003100911,1930,Illinois,17,Cook,031,"",0911,"",Tract    0911     in Chicago IL,3176
G17003100912,1930,Illinois,17,Cook,031,"",0912,"",Tract    0912     in Chicago IL,21726
G17003100913,1930,Illinois,17,Cook,031,"",0913,"",Tract    0913     in Chicago IL,3238
G17003100914,1930,Illinois,17,Cook,031,"",0914,"",Tract    0914     in Chicago IL,1275
G17003100915,1930,Illinois,17,Cook,031,"",0915,"",Tract    0915     in Chicago IL,1972
G17003100916,1930,Illinois,17,Cook,031,"",0916,"",Tract    0916     in Chicago IL,2613
G17003100917,1930,Illinois,17,Cook,031,"",0917,"",Tract    0917     in Chicago IL,4256
G17003100918,1930,Illinois,17,Cook,031,"",0918,"",Tract    0918     in Chicago IL,1301
G17003100919,1930,Illinois,17,Cook,031,"",0919,"",Tract    0919     in Chicago IL,3305
G17003100920,1930,Illinois,17,Cook,031,"",0920,"",Tract    0920     in Chicago IL,4
G17003100921,1930,Illinois,17,Cook,031,"",0921,"",Tract    0921     in Chicago IL,342
G17003100922,1930,Illinois,17,Cook,031,"",0922,"",Tract    0922     in Chicago IL,966
G17003100923,1930,Illinois,17,Cook,031,"",0923,"",Tract    0923     in Chicago IL,5756
G17003100924,1930,Illinois,17,Cook,031,"",0924,"",Tract    0924     in Chicago IL,2244
G17003100925,1930,Illinois,17,Cook,031,"",0925,"",Tract    0925     in Chicago IL,240
G17003100926,1930,Illinois,17,Cook,031,"",0926,"",Tract    0926     in Chicago IL,7018
G17003100927,1930,Illinois,17,Cook,031,"",0927,"",Tract    0927     in Chicago IL,1641
G17003100928,1930,Illinois,17,Cook,031,"",0928,"",Tract    0928     in Chicago IL,1174
G17003100929,1930,Illinois,17,Cook,031,"",0929,"",Tract    0929     in Chicago IL,2136
G17003100930,1930,Illinois,17,Cook,031,"",0930,"",Tract    0930     in Chicago IL,412
G17003100931,1930,Illinois,17,Cook,031,"",0931,"",Tract    0931     in Chicago IL,348
G17003100932,1930,Illinois,17,Cook,031,"",0932,"",Tract    0932     in Chicago IL,3189
G17003100933,1930,Illinois,17,Cook,031,"",0933,"",Tract    0933     in Chicago IL,4909
G17003100934,1930,Illinois,17,Cook,031,"",0934,"",Tract    0934     in Chicago IL,1897
G17003100935,1930,Illinois,17,Cook,031,"",0935,"",Tract    0935     in Chicago IL,1992
